u,v,key,osmid,lanes,name,highway,maxspeed,oneway,length,geometry,bearing,ref,layer_height,edge_interior_angle,stroke_group
378728,1629378075,0,"[337654522, 385800228]","['3', '4']",Währinger Gürtel,primary,50,True,102.08399999999999,"LINESTRING (16.34944 48.2236212, 16.349484 48.2237917, 16.349609 48.2242524, 16.3496426 48.2243837, 16.3496508 48.2244189, 16.3496756 48.2245257)",9.8,B221,height 2,"{(655018, 1629378075, 0): 82.706, (33345332, 378728, 0): 154.034, (1629378075, 213287623, 0): 179.92200000000003}",0
392224,33144947,0,24939638,,Leopold-Ernst-Gasse,residential,30,True,93.458,"LINESTRING (16.3333166 48.2221545, 16.3343852 48.2217078)",122.1,,height 1,"{(392224, 393924, 0): 80.916, (33144459, 33144947, 0): 111.642, (33144644, 392224, 0): 99.131, (33144947, 320192043, 0): 178.917, (33144947, 33144640, 0): 68.845, (162796578, 392224, 0): 178.746}",1
392224,393924,0,5010790,,Weidmanngasse,residential,30,True,104.57199999999999,"LINESTRING (16.3333166 48.2221545, 16.3333519 48.2222115, 16.3340208 48.2229689)",29.9,,height 2,"{(392224, 33144947, 0): 80.916, (393924, 33144487, 0): 179.675, (393924, 292365649, 0): 74.557, (33144459, 393924, 0): 105.419, (33144644, 392224, 0): 179.953, (162796578, 392224, 0): 97.83}",2
392442,655018,0,"[687707600, 5010794]",2,Schulgasse,secondary,"['50', '30']",True,74.995,"LINESTRING (16.3479451 48.224684, 16.348777 48.2246222, 16.3488214 48.2246194, 16.3489507 48.2246067)",96.6,,height 1,"{(394751, 392442, 0): 83.054, (655018, 33344802, 0): 83.072, (655018, 1629378075, 0): 179.94400000000002, (33344253, 392442, 0): 179.54999999999998, (1371563077, 655018, 0): 97.023}",3
393375,64975949,0,24939395,1,Währinger Straße,secondary,30,True,30.906,"LINESTRING (16.3346608 48.2283981, 16.3349162 48.2283544, 16.3350633 48.2283251)",105.2,,height 1,"{(29048460, 393375, 0): 176.60399999999998, (64975949, 33345310, 0): 87.79, (64975949, 5322689627, 0): 179.98999999999998}",0
393924,33144487,0,5010790,,Weidmanngasse,residential,30,True,107.917,"LINESTRING (16.3340208 48.2229689, 16.3347658 48.2238029)",30.8,,height 2,"{(392224, 393924, 0): 179.675, (393924, 292365649, 0): 105.768, (33144459, 393924, 0): 74.256, (33144487, 33144484, 0): 105.612, (33144487, 33144069, 0): 179.513, (33144491, 33144487, 0): 74.414}",2
393924,292365649,0,27541033,,Schumanngasse,residential,30,True,85.69500000000001,"LINESTRING (16.3340208 48.2229689, 16.3331023 48.223417, 16.3330875 48.2234242)",306.2,,height 1,"{(392224, 393924, 0): 74.557, (393924, 33144487, 0): 105.768, (33144459, 393924, 0): 179.976, (292365649, 33144491, 0): 74.545, (292365649, 33144463, 0): 179.82, (292365649, 162796578, 0): 105.483}",4
394751,392442,0,23713388,1,Semperstraße,secondary,30,True,71.074,"LINESTRING (16.3480705 48.2253177, 16.3480679 48.2253044, 16.3480548 48.2252383, 16.3479451 48.224684)",187.5,,height 2,"{(392442, 655018, 0): 83.054, (33344253, 392442, 0): 96.496, (251207329, 394751, 0): 88.365, (1371563074, 394751, 0): 91.578}",5
394989,33345287,0,655549764,,Vinzenzgasse,residential,30,True,73.52499999999999,"LINESTRING (16.335796 48.226846, 16.3357657 48.2267928, 16.3354438 48.2262278)",200.8,,height 2,"{(33345285, 394989, 0): 97.376, (33345287, 33345286, 0): 177.817, (33345289, 394989, 0): 178.91699999999997, (33345298, 33345287, 0): 84.31700000000001, (33345311, 394989, 0): 82.646}",6
655012,33144500,0,5010781,,Hofmanngasse,residential,30,True,96.156,"LINESTRING (16.3449313 48.2223384, 16.3444459 48.2231404)",338.0,,height 2,"{(655012, 283324403, 0): 73.096, (33144500, 33344806, 0): 73.227, (33144500, 33144497, 0): 106.416, (33344801, 655012, 0): 106.325}",7
655012,283324403,0,"[491714226, 30282227]",3,Währinger Gürtel,primary,50,True,106.25800000000001,"LINESTRING (16.3449313 48.2223384, 16.3447934 48.2223033, 16.3443174 48.2221823, 16.3439547 48.2220773, 16.3438802 48.2220571, 16.3437657 48.2220195, 16.3436893 48.2219893, 16.3436387 48.2219642, 16.3436212 48.2219556)",246.3,B221,height 1,"{(655012, 33144500, 0): 73.096, (33344801, 655012, 0): 179.421, (283324403, 29048465, 0): 169.155, (358517297, 283324403, 0): 119.878}",8
655018,33344802,0,"[502918368, 30282227, 502918372]","['3', '4']",Währinger Gürtel,primary,50,True,238.92299999999997,"LINESTRING (16.3489507 48.2246067, 16.348936 48.2245406, 16.3487916 48.223925, 16.3487801 48.2238761, 16.34876 48.223823, 16.3487271 48.2237571, 16.3486624 48.2236635, 16.3485806 48.2235717, 16.348471 48.2234575, 16.3484019 48.2233959, 16.3482463 48.223282, 16.348131 48.2232163, 16.3480123 48.2231663, 16.3478722 48.2231225, 16.3473009 48.2229672)",213.8,B221,height 2,"{(392442, 655018, 0): 83.072, (655018, 1629378075, 0): 96.872, (33344802, 33344805, 0): 106.857, (33344802, 33344801, 0): 179.65, (1371563077, 655018, 0): 179.90500000000003}",8
655018,1629378075,0,"[24867848, 655066913]",2,Schulgasse,secondary,50,True,54.456,"LINESTRING (16.3489507 48.2246067, 16.3490273 48.2245991, 16.3490676 48.2245951, 16.3491377 48.2245877, 16.3491428 48.2245871, 16.3492112 48.2245787, 16.3494651 48.2245475, 16.3495007 48.2245434, 16.3496756 48.2245257)",99.5,,height 1,"{(378728, 1629378075, 0): 82.706, (392442, 655018, 0): 179.94400000000002, (655018, 33344802, 0): 96.872, (1371563077, 655018, 0): 83.033, (1629378075, 213287623, 0): 97.21600000000001}",3
25280482,33144572,0,227970772,,Hildebrandgasse,residential,30,True,75.05499999999999,"LINESTRING (16.3386125 48.2231372, 16.3386266 48.2231546, 16.3390945 48.2237309)",28.4,,height 2,"{(33143825, 25280482, 0): 178.958, (33143995, 25280482, 0): 107.41, (33144572, 33144566, 0): 114.888, (33144577, 33144572, 0): 77.941, (283324407, 25280482, 0): 70.999}",9
26405248,33144997,0,24939638,,Leopold-Ernst-Gasse,residential,30,True,68.421,"LINESTRING (16.3309683 48.2233015, 16.3316878 48.2229157)",128.8,,height 1,"{(26405248, 33144463, 0): 85.665, (33144747, 26405248, 0): 175.19500000000002, (33144755, 26405248, 0): 94.971, (33144997, 33144652, 0): 88.653, (33144997, 162796578, 0): 178.43400000000003}",1
26405248,33144463,0,24939639,,Lacknergasse,residential,30,True,105.815,"LINESTRING (16.3309683 48.2233015, 16.331527 48.2241773)",23.0,,height 2,"{(26405248, 33144997, 0): 85.665, (33144463, 64970627, 0): 179.181, (33144463, 50655844, 0): 83.47, (33144747, 26405248, 0): 99.14, (33144755, 26405248, 0): 179.364, (292365649, 33144463, 0): 96.773}",10
29048460,393375,0,551140400,2,Währinger Straße,secondary,30,True,37.867,"LINESTRING (16.3341565 48.2284539, 16.3346608 48.2283981)",99.4,,height 1,"{(393375, 64975949, 0): 176.60399999999998, (33345320, 29048460, 0): 113.197, (64975131, 29048460, 0): 179.077}",0
29048465,33144366,0,24412287,3,Währinger Gürtel,primary,50,True,115.804,"LINESTRING (16.3431569 48.2210156, 16.3429362 48.2204823, 16.3427415 48.2200116)",195.4,B221,height 2,"{(29048466, 29048465, 0): 76.124, (33144366, 33143888, 0): 102.092, (33144366, 3312560802, 0): 178.973, (283324403, 29048465, 0): 179.999}",8
29048466,283324405,0,172222299,,Theresiengasse,residential,30,True,113.782,"LINESTRING (16.3420779 48.2211786, 16.3426137 48.2220367, 16.3426396 48.2221155, 16.3426438 48.2221284)",21.7,,height 2,"{(29048466, 29048465, 0): 66.608, (33143888, 29048466, 0): 178.78, (33144467, 29048466, 0): 115.654, (283324405, 33144494, 0): 179.30200000000002, (283324405, 392301, 0): 80.461, (358517297, 283324405, 0): 99.55600000000001}",11
29048466,29048465,0,231821799,,Antonigasse,residential,30,True,81.966,"LINESTRING (16.3420779 48.2211786, 16.3430644 48.2210296, 16.3431569 48.2210156)",102.8,,height 1,"{(29048465, 33144366, 0): 76.124, (29048466, 283324405, 0): 66.608, (33143888, 29048466, 0): 112.172, (33144467, 29048466, 0): 177.738, (283324403, 29048465, 0): 103.87700000000001}",12
29048468,33345304,0,5010784,,Teschnergasse,residential,30,True,95.369,"LINESTRING (16.3365505 48.2239659, 16.3365613 48.2239772, 16.3366061 48.2240239, 16.3372428 48.224689)",32.5,,height 2,"{(29048468, 33144484, 0): 178.82999999999998, (33143995, 29048468, 0): 70.547, (33144069, 29048468, 0): 107.538, (33345303, 33345304, 0): 73.743, (33345304, 33144577, 0): 105.969, (33345304, 33345300, 0): 179.602}",13
29048468,33144484,0,26985886,,Teschnergasse,residential,30,True,93.281,"LINESTRING (16.3365505 48.2239659, 16.3365405 48.223955, 16.3365043 48.2239157, 16.3362094 48.2235952, 16.3358738 48.2232586)",212.5,,height 2,"{(29048468, 33345304, 0): 178.82999999999998, (33143995, 29048468, 0): 108.283, (33144069, 29048468, 0): 73.632, (33144484, 3956260281, 0): 71.299, (33144484, 33144459, 0): 178.45600000000002, (33144487, 33144484, 0): 108.753}",13
29048469,64972028,0,38690114,,Klostergasse,residential,30,True,94.991,"LINESTRING (16.3335652 48.2254334, 16.3335566 48.2254213, 16.3335315 48.2253861, 16.3330155 48.2246616)",205.4,,height 2,"{(29048470, 29048469, 0): 80.60900000000001, (64970627, 64972028, 0): 98.433, (64972028, 33144491, 0): 80.649, (283324413, 29048469, 0): 99.083}",14
29048470,29048469,0,141233621,,Kreuzgasse,tertiary,50,True,86.363,"LINESTRING (16.3326189 48.2258864, 16.3326717 48.2258672, 16.3327326 48.2258405, 16.3328533 48.225781, 16.3330906 48.225665, 16.3335652 48.2254334)",125.7,,height 1,"{(29048469, 64972028, 0): 80.60900000000001, (29048470, 33345319, 0): 77.798, (64969715, 29048470, 0): 179.37800000000001, (64970627, 29048470, 0): 101.6, (283324413, 29048469, 0): 179.692}",15
29048470,33345319,0,829951740,,Lacknergasse,residential,30,True,104.265,"LINESTRING (16.3326189 48.2258864, 16.3326549 48.2259436, 16.3331215 48.2266847, 16.3331633 48.2267511)",22.8,,height 2,"{(29048470, 29048469, 0): 77.798, (33345319, 33345320, 0): 178.935, (64969715, 29048470, 0): 101.58, (64970627, 29048470, 0): 179.398, (64975551, 33345319, 0): 74.33}",10
29048472,64971266,0,36533503,,Paulinengasse,residential,30,True,85.824,"LINESTRING (16.3308107 48.2264173, 16.3308019 48.2264039, 16.3307653 48.2263477, 16.330383 48.2257616, 16.330349 48.2257094)",203.5,,height 2,"{(64969715, 29048472, 0): 104.759, (64971266, 50655845, 0): 175.077, (64971266, 64970487, 0): 82.439, (64975551, 29048472, 0): 179.562}",0
33143821,33143825,0,5774545,,Hildebrandgasse,residential,30,True,106.283,"LINESTRING (16.3371841 48.2214393, 16.337882 48.2222744)",29.1,,height 2,"{(33143821, 33144427, 0): 105.32600000000001, (33143825, 33144475, 0): 103.797, (33143825, 25280482, 0): 179.63, (33144422, 33143821, 0): 65.852, (264055540, 33143821, 0): 179.811, (3956260281, 33143825, 0): 76.14699999999999}",9
33143821,33144427,0,27541033,,Schumanngasse,residential,30,True,105.907,"LINESTRING (16.3371841 48.2214393, 16.3368447 48.2215944, 16.3366931 48.2216636, 16.3360195 48.2219915)",305.4,,height 1,"{(33143821, 33143825, 0): 105.32600000000001, (33144422, 33143821, 0): 171.178, (33144427, 33144459, 0): 179.862, (33144427, 33144941, 0): 103.322, (264055540, 33143821, 0): 74.485, (3956260281, 33144427, 0): 77.001}",4
33143825,33144475,0,172398663,,Antonigasse,residential,30,True,125.459,"LINESTRING (16.337882 48.2222744, 16.3384038 48.2220189, 16.3393645 48.2217434)",118.3,,height 1,"{(33143821, 33143825, 0): 103.797, (33143825, 25280482, 0): 75.833, (33144475, 33144471, 0): 179.477, (283324407, 33144475, 0): 108.083, (3956260281, 33143825, 0): 179.94400000000002}",12
33143825,25280482,0,227970772,,Hildebrandgasse,residential,30,True,110.149,"LINESTRING (16.337882 48.2222744, 16.3386014 48.223124, 16.3386125 48.2231372)",29.4,,height 2,"{(25280482, 33144572, 0): 178.958, (33143821, 33143825, 0): 179.63, (33143825, 33144475, 0): 75.833, (33143995, 25280482, 0): 71.548, (283324407, 25280482, 0): 110.043, (3956260281, 33143825, 0): 104.223}",9
33143829,33144494,0,431750496,,Staudgasse,residential,30,True,85.539,"LINESTRING (16.3417921 48.2231494, 16.3429429 48.2230866)",94.7,,height 1,"{(33143829, 392301, 0): 94.995, (33143834, 33143829, 0): 84.009, (33144494, 33144497, 0): 179.739, (33144494, 33144503, 0): 105.171, (33144560, 33143829, 0): 178.793, (283324405, 33144494, 0): 75.788}",16
33143829,392301,0,341624385,2,Martinstraße,tertiary,30,True,96.943,"LINESTRING (16.3417921 48.2231494, 16.3416774 48.2223454, 16.3416501 48.2222963, 16.3416439 48.2222852)",186.5,,height 2,"{(33143829, 33144494, 0): 94.995, (33143834, 33143829, 0): 179.004, (33144467, 392301, 0): 173.862, (33144560, 33143829, 0): 86.212, (283324405, 392301, 0): 71.746, (283324407, 392301, 0): 107.159}",17
33143834,33144555,0,28989536,,Schopenhauerstraße,residential,30,True,148.982,"LINESTRING (16.3419122 48.2241049, 16.3418316 48.2241176, 16.3399554 48.2244141)",283.3,,height 1,"{(33143834, 401838, 0): 88.88499999999999, (33143834, 33143829, 0): 91.82900000000001, (33144503, 33143834, 0): 175.67399999999998, (33144555, 33144566, 0): 96.706, (33144555, 60631071, 0): 83.736, (33144555, 33345301, 0): 178.74300000000002}",18
33143834,401838,0,341624385,2,Martinstraße,tertiary,30,True,114.481,"LINESTRING (16.3419122 48.2241049, 16.3419198 48.2241601, 16.3420453 48.2250669, 16.3420541 48.2251301)",5.3,,height 2,"{(33143834, 33144555, 0): 88.88499999999999, (33143834, 33143829, 0): 179.286, (33144503, 33143834, 0): 86.789, (33344810, 401838, 0): 93.435, (33344817, 401838, 0): 179.78999999999996, (60631071, 401838, 0): 86.008}",17
33143834,33143829,0,341624385,2,Martinstraße,tertiary,30,True,106.62100000000001,"LINESTRING (16.3419122 48.2241049, 16.3419057 48.2240529, 16.3418037 48.2232217, 16.3417921 48.2231494)",184.8,,height 2,"{(33143829, 33144494, 0): 84.009, (33143829, 392301, 0): 179.004, (33143834, 33144555, 0): 91.82900000000001, (33143834, 401838, 0): 179.286, (33144503, 33143834, 0): 92.497, (33144560, 33143829, 0): 94.78399999999999}",17
33143888,29048466,0,172222299,,Theresiengasse,residential,30,True,112.77900000000001,"LINESTRING (16.3415148 48.2202363, 16.3417881 48.2206918, 16.3420432 48.2211203, 16.3420779 48.2211786)",21.7,,height 2,"{(29048466, 283324405, 0): 178.78, (29048466, 29048465, 0): 112.172, (33143888, 33144424, 0): 105.242, (33143898, 33143888, 0): 170.139, (33144366, 33143888, 0): 69.416, (33144467, 29048466, 0): 65.566}",11
33143888,33144424,0,471274566,,Schumanngasse,residential,30,True,89.25800000000001,"LINESTRING (16.3415148 48.2202363, 16.3405027 48.2205212, 16.3404939 48.2205237, 16.340405 48.2205487)",292.9,,height 1,"{(33143888, 29048466, 0): 105.242, (33143898, 33143888, 0): 84.619, (33144366, 33143888, 0): 174.658, (33144424, 33144422, 0): 179.574, (33144467, 33144424, 0): 72.122, (33144629, 33144424, 0): 107.11699999999999}",4
33143898,33143888,0,172222299,,Theresiengasse,residential,30,True,176.179,"LINESTRING (16.3409226 48.2187018, 16.3415148 48.2202363)",14.4,,height 2,"{(33143888, 29048466, 0): 170.139, (33143888, 33144424, 0): 84.619, (33143898, 3312560802, 0): 78.747, (33144366, 33143888, 0): 100.723, (33144583, 33143898, 0): 100.71799999999999}",11
33143898,3312560802,0,210597181,,Leo-Slezak-Gasse,residential,30,True,93.203,"LINESTRING (16.3409226 48.2187018, 16.3419587 48.2185219, 16.3420252 48.2185103, 16.3421405 48.2184919)",104.5,,height 1,"{(33143898, 33143888, 0): 78.747, (33144366, 3312560802, 0): 106.037, (33144414, 3312560802, 0): 162.834, (33144583, 33143898, 0): 179.465}",0
33143995,3956260281,0,26985884,,Leitermayergasse,residential,30,True,99.805,"LINESTRING (16.3374361 48.2236027, 16.3374241 48.2235903, 16.3370733 48.2232287, 16.336713 48.2228454)",212.5,,height 2,"{(33143995, 29048468, 0): 67.556, (33143995, 25280482, 0): 112.474, (33144484, 3956260281, 0): 107.01400000000001, (33144577, 33143995, 0): 179.774, (3956260281, 33143825, 0): 72.805, (3956260281, 33144427, 0): 176.19}",19
33143995,29048468,0,32065549,,Kreuzgasse,tertiary,50,True,77.065,"LINESTRING (16.3374361 48.2236027, 16.3369897 48.2237796, 16.3367684 48.2238678, 16.3366333 48.2239286, 16.3365505 48.2239659)",301.6,,height 1,"{(29048468, 33345304, 0): 70.547, (29048468, 33144484, 0): 108.283, (33143995, 3956260281, 0): 67.556, (33143995, 25280482, 0): 179.97, (33144069, 29048468, 0): 178.085, (33144577, 33143995, 0): 112.67}",15
33143995,25280482,0,32065549,,Kreuzgasse,tertiary,50,True,101.36200000000001,"LINESTRING (16.3374361 48.2236027, 16.3385302 48.2231698, 16.3386125 48.2231372)",120.7,,height 1,"{(25280482, 33144572, 0): 107.41, (33143825, 25280482, 0): 71.548, (33143995, 3956260281, 0): 112.474, (33143995, 29048468, 0): 179.97, (33144577, 33143995, 0): 67.3, (283324407, 25280482, 0): 178.409}",15
33144069,33345303,0,26191651,,Mitterberggasse,residential,30,True,98.581,"LINESTRING (16.3354038 48.2245295, 16.3354129 48.2245396, 16.3360885 48.2252897)",31.0,,height 2,"{(33144069, 29048468, 0): 74.156, (33144487, 33144069, 0): 179.13, (33345286, 33345303, 0): 73.877, (33345303, 33345304, 0): 104.516, (33345303, 33345298, 0): 179.555, (283324413, 33144069, 0): 105.89099999999999}",2
33144069,29048468,0,32065549,,Kreuzgasse,tertiary,50,True,105.563,"LINESTRING (16.3354038 48.2245295, 16.3364756 48.2240027, 16.3365505 48.2239659)",126.4,,height 1,"{(29048468, 33345304, 0): 107.538, (29048468, 33144484, 0): 73.632, (33143995, 29048468, 0): 178.085, (33144069, 33345303, 0): 74.156, (33144487, 33144069, 0): 104.974, (283324413, 33144069, 0): 179.95299999999997}",15
33144366,33143888,0,6122618,,Schumanngasse,residential,30,True,94.253,"LINESTRING (16.3427415 48.2200116, 16.3415148 48.2202363)",285.4,,height 1,"{(29048465, 33144366, 0): 102.092, (33143888, 29048466, 0): 69.416, (33143888, 33144424, 0): 174.658, (33143898, 33143888, 0): 100.723, (33144366, 3312560802, 0): 78.935}",4
33144366,3312560802,0,"[679596246, 24412287]","['3', '4']",Währinger Gürtel,primary,50,True,174.756,"LINESTRING (16.3427415 48.2200116, 16.3423447 48.2190014, 16.3423373 48.2189826, 16.3421877 48.2186017, 16.3421658 48.2185459, 16.3421405 48.2184919)",194.8,B221,height 2,"{(29048465, 33144366, 0): 178.973, (33143898, 3312560802, 0): 106.037, (33144366, 33143888, 0): 78.935, (33144414, 3312560802, 0): 91.129}",8
33144414,3312560802,0,"[905123200, 52296261]",,Währinger Gürtel,residential,50,True,59.31999999999999,"LINESTRING (16.3429038 48.2183536, 16.3427624 48.2183617, 16.3424883 48.2184097, 16.3423389 48.2184359, 16.342301 48.2184415, 16.3422235 48.218451, 16.3421405 48.2184919)",285.2,,height 1,"{(33143898, 3312560802, 0): 162.834, (33144366, 3312560802, 0): 91.129, (33144414, 33345332, 0): 109.801}",0
33144414,33345332,0,"[657079587, 657079588, 537932457, 537932460, 679596247, 337654522]","['4', '3']",Währinger Gürtel,primary,50,True,731.7539999999997,"LINESTRING (16.3429038 48.2183536, 16.342988 48.2185512, 16.3433094 48.2193417, 16.3433658 48.2194786, 16.3434154 48.2195988, 16.3435364 48.2198594, 16.3435989 48.2199984, 16.3437198 48.2202546, 16.3439725 48.2205997, 16.344293 48.2209468, 16.3447075 48.2213028, 16.3449526 48.221465, 16.3450598 48.2215359, 16.3454278 48.2217337, 16.3456406 48.2218496, 16.3460994 48.222036, 16.3465761 48.222186, 16.3471133 48.2223309, 16.3475693 48.2224518, 16.3476358 48.2224695, 16.3477258 48.2224934, 16.3481582 48.2226276, 16.3484881 48.2227953, 16.3487074 48.2229407, 16.3488929 48.2230945)",40.1,B221,height 2,"{(33144414, 3312560802, 0): 109.801, (33345332, 378728, 0): 178.934}",0
33144422,33143821,0,27541035,,Schumanngasse,residential,30,True,149.318,"LINESTRING (16.3390404 48.2209162, 16.3371841 48.2214393)",292.9,,height 1,"{(33143821, 33143825, 0): 65.852, (33143821, 33144427, 0): 171.178, (33144422, 33144626, 0): 73.429, (33144424, 33144422, 0): 179.133, (33144471, 33144422, 0): 107.524, (264055540, 33143821, 0): 114.337}",4
33144422,33144626,0,848949315,,Dempschergasse,residential,30,True,120.795,"LINESTRING (16.3390404 48.2209162, 16.3384073 48.2199151)",202.8,,height 2,"{(33144422, 33143821, 0): 73.429, (33144424, 33144422, 0): 107.438, (33144471, 33144422, 0): 179.047, (33144626, 33144588, 0): 177.293, (33144626, 264055539, 0): 110.613, (245498401, 33144626, 0): 69.333}",20
33144424,33144422,0,32495663,,Schumanngasse,residential,30,True,109.045,"LINESTRING (16.340405 48.2205487, 16.3403102 48.2205746, 16.3397755 48.2207205, 16.3391176 48.2208957, 16.3390404 48.2209162)",292.0,,height 1,"{(33143888, 33144424, 0): 179.574, (33144422, 33143821, 0): 179.133, (33144422, 33144626, 0): 107.438, (33144467, 33144424, 0): 108.304, (33144471, 33144422, 0): 71.609, (33144629, 33144424, 0): 72.45700000000001}",4
33144427,33144459,0,27541033,,Schumanngasse,residential,30,True,84.406,"LINESTRING (16.3360195 48.2219915, 16.3351015 48.2224411)",306.3,,height 1,"{(33143821, 33144427, 0): 179.862, (33144427, 33144941, 0): 76.816, (33144459, 393924, 0): 179.936, (33144459, 33144947, 0): 108.23400000000001, (33144484, 33144459, 0): 72.723, (3956260281, 33144427, 0): 102.86099999999999}",4
33144427,33144941,0,824273532,,Leitermayergasse,residential,30,True,93.023,"LINESTRING (16.3360195 48.2219915, 16.3354187 48.2212569)",208.6,,height 2,"{(33143821, 33144427, 0): 103.322, (33144427, 33144459, 0): 76.816, (33144941, 33144633, 0): 179.758, (33144941, 264055540, 0): 73.78, (320192043, 33144941, 0): 105.851, (3956260281, 33144427, 0): 179.67700000000002}",19
33144459,393924,0,27541033,,Schumanngasse,residential,30,True,99.268,"LINESTRING (16.3351015 48.2224411, 16.3340208 48.2229689)",306.2,,height 1,"{(392224, 393924, 0): 105.419, (393924, 33144487, 0): 74.256, (393924, 292365649, 0): 179.976, (33144427, 33144459, 0): 179.936, (33144459, 33144947, 0): 71.702, (33144484, 33144459, 0): 107.34100000000001}",4
33144459,33144947,0,227970775,,Kalvarienberggasse,residential,30,True,97.286,"LINESTRING (16.3351015 48.2224411, 16.3343852 48.2217078)",213.1,,height 2,"{(392224, 33144947, 0): 111.642, (33144427, 33144459, 0): 108.23400000000001, (33144459, 393924, 0): 71.702, (33144484, 33144459, 0): 179.043, (33144947, 320192043, 0): 69.441, (33144947, 33144640, 0): 179.513}",13
33144463,64970627,0,24939639,,Lacknergasse,residential,30,True,113.039,"LINESTRING (16.331527 48.2241773, 16.3321398 48.2251083)",23.7,,height 2,"{(26405248, 33144463, 0): 179.181, (33144463, 50655844, 0): 97.349, (64970487, 64970627, 0): 69.12, (64970627, 64972028, 0): 96.328, (64970627, 29048470, 0): 178.27100000000002, (292365649, 33144463, 0): 82.408}",10
33144463,50655844,0,27541033,,Schumanngasse,residential,30,True,77.467,"LINESTRING (16.331527 48.2241773, 16.3306833 48.2245889)",306.2,,height 1,"{(26405248, 33144463, 0): 83.47, (33144463, 64970627, 0): 97.349, (50655844, 33144747, 0): 95.556, (50655844, 50655845, 0): 179.24, (64970487, 50655844, 0): 84.774, (292365649, 33144463, 0): 179.757}",4
33144467,29048466,0,32495614,,Antonigasse,residential,30,True,84.874,"LINESTRING (16.3409478 48.2213039, 16.3420779 48.2211786)",99.4,,height 1,"{(29048466, 283324405, 0): 115.654, (29048466, 29048465, 0): 177.738, (33143888, 29048466, 0): 65.566, (33144467, 392301, 0): 60.986, (33144467, 33144424, 0): 119.41300000000001, (33144471, 33144467, 0): 170.808}",12
33144467,392301,0,11381454,2,Martinstraße,tertiary,30,True,120.689,"LINESTRING (16.3409478 48.2213039, 16.340989 48.221362, 16.3415988 48.2222216, 16.3416349 48.2222725, 16.3416439 48.2222852)",25.3,,height 2,"{(33143829, 392301, 0): 173.862, (33144467, 29048466, 0): 60.986, (33144467, 33144424, 0): 179.601, (33144471, 33144467, 0): 109.822, (283324405, 392301, 0): 114.392, (283324407, 392301, 0): 66.703}",17
33144467,33144424,0,11381454,2,Martinstraße,tertiary,30,True,93.10900000000001,"LINESTRING (16.3409478 48.2213039, 16.340917 48.2212611, 16.3404301 48.2205865, 16.340405 48.2205487)",205.6,,height 2,"{(33143888, 33144424, 0): 72.122, (33144424, 33144422, 0): 108.304, (33144467, 29048466, 0): 119.41300000000001, (33144467, 392301, 0): 179.601, (33144471, 33144467, 0): 69.779, (33144629, 33144424, 0): 179.23899999999998}",17
33144471,33144422,0,4996525,,Dempschergasse,residential,30,True,94.167,"LINESTRING (16.3395494 48.2216922, 16.3390404 48.2209162)",203.6,,height 2,"{(33144422, 33143821, 0): 107.524, (33144422, 33144626, 0): 179.047, (33144424, 33144422, 0): 71.609, (33144471, 33144467, 0): 107.743, (33144475, 33144471, 0): 72.216}",20
33144471,33144467,0,172398663,,Antonigasse,residential,30,True,112.236,"LINESTRING (16.3395494 48.2216922, 16.3409478 48.2213039)",112.6,,height 1,"{(33144467, 29048466, 0): 170.808, (33144467, 392301, 0): 109.822, (33144467, 33144424, 0): 69.779, (33144471, 33144422, 0): 107.743, (33144475, 33144471, 0): 179.959}",12
33144475,33144471,0,172398663,,Antonigasse,residential,30,True,14.834,"LINESTRING (16.3393645 48.2217434, 16.3395494 48.2216922)",112.6,,height 1,"{(33143825, 33144475, 0): 179.477, (33144471, 33144422, 0): 72.216, (33144471, 33144467, 0): 179.959, (283324407, 33144475, 0): 71.39399999999999}",12
33144484,3956260281,0,183541781,,Antonigasse,residential,30,True,77.305,"LINESTRING (16.3358738 48.2232586, 16.336713 48.2228454)",126.5,,height 1,"{(29048468, 33144484, 0): 71.299, (33143995, 3956260281, 0): 107.01400000000001, (33144484, 33144459, 0): 107.15700000000001, (33144487, 33144484, 0): 179.948, (3956260281, 33143825, 0): 179.81900000000002, (3956260281, 33144427, 0): 76.79599999999999}",12
33144484,33144459,0,227970775,,Kalvarienberggasse,residential,30,True,107.408,"LINESTRING (16.3358738 48.2232586, 16.3351015 48.2224411)",212.2,,height 2,"{(29048468, 33144484, 0): 178.45600000000002, (33144427, 33144459, 0): 72.723, (33144459, 393924, 0): 107.34100000000001, (33144459, 33144947, 0): 179.043, (33144484, 3956260281, 0): 107.15700000000001, (33144487, 33144484, 0): 72.791}",13
33144487,33144484,0,183541781,,Antonigasse,residential,30,True,101.983,"LINESTRING (16.3347658 48.2238029, 16.3358738 48.2232586)",126.4,,height 1,"{(393924, 33144487, 0): 105.612, (29048468, 33144484, 0): 108.753, (33144484, 3956260281, 0): 179.948, (33144484, 33144459, 0): 72.791, (33144487, 33144069, 0): 74.875, (33144491, 33144487, 0): 179.97400000000002}",12
33144487,33144069,0,26191650,,Mitterberggasse,residential,30,True,93.603,"LINESTRING (16.3347658 48.2238029, 16.3353941 48.2245184, 16.3354038 48.2245295)",30.3,,height 2,"{(393924, 33144487, 0): 179.513, (33144069, 33345303, 0): 179.13, (33144069, 29048468, 0): 104.974, (33144487, 33144484, 0): 74.875, (33144491, 33144487, 0): 105.099, (283324413, 33144069, 0): 74.979}",2
33144491,33144487,0,183541781,,Antonigasse,residential,30,True,86.357,"LINESTRING (16.3338278 48.224264, 16.3338464 48.2242549, 16.3338945 48.2242314, 16.3347658 48.2238029)",126.4,,height 1,"{(393924, 33144487, 0): 74.414, (33144487, 33144484, 0): 179.97400000000002, (33144487, 33144069, 0): 105.099, (64972028, 33144491, 0): 179.976, (283324413, 33144491, 0): 74.267, (292365649, 33144491, 0): 105.327}",12
33144494,33144497,0,749696271,,Staudgasse,residential,30,True,69.026,"LINESTRING (16.3429429 48.2230866, 16.343871 48.2230317)",95.1,,height 1,"{(33143829, 33144494, 0): 179.739, (33144494, 33144503, 0): 75.09, (33144497, 33144550, 0): 105.377, (33144497, 358517297, 0): 76.254, (33144500, 33144497, 0): 172.648, (283324405, 33144494, 0): 103.951}",16
33144494,33144503,0,749696272,,Theresiengasse,residential,30,True,103.761,"LINESTRING (16.3429429 48.2230866, 16.3432442 48.2239979)",12.4,,height 2,"{(33143829, 33144494, 0): 105.171, (33144494, 33144497, 0): 75.09, (33144503, 33344810, 0): 172.882, (33144503, 33143834, 0): 76.295, (33144550, 33144503, 0): 103.732, (283324405, 33144494, 0): 179.041}",11
33144497,33144550,0,24033644,,Kutschkergasse,residential,30,True,101.694,"LINESTRING (16.343871 48.2230317, 16.344174 48.2239237)",12.8,,height 2,"{(33144494, 33144497, 0): 105.377, (33144497, 358517297, 0): 178.369, (33144500, 33144497, 0): 104.795, (33144550, 33144503, 0): 75.801, (33344807, 33144550, 0): 103.97, (33344808, 33144550, 0): 178.912}",21
33144497,358517297,0,39235713,,Kutschkergasse,residential,30,True,118.468,"LINESTRING (16.343871 48.2230317, 16.3435914 48.2221246, 16.3435756 48.2220851, 16.3435234 48.2220147, 16.3435101 48.2219968)",193.1,,height 2,"{(33144494, 33144497, 0): 76.254, (33144497, 33144550, 0): 178.369, (33144500, 33144497, 0): 111.09800000000001, (358517297, 283324405, 0): 117.723, (358517297, 283324403, 0): 64.337}",21
33144500,33344806,0,24940052,,Staudgasse,residential,30,True,101.354,"LINESTRING (16.3444459 48.2231404, 16.3457224 48.2234684)",68.9,,height 1,"{(655012, 33144500, 0): 73.227, (33144500, 33144497, 0): 179.643, (33344806, 33344801, 0): 106.377, (33344806, 33344805, 0): 173.077, (33344807, 33344806, 0): 70.80199999999999}",16
33144500,33144497,0,24940053,,Staudgasse,residential,30,True,44.658,"LINESTRING (16.3444459 48.2231404, 16.3440916 48.223047, 16.343871 48.2230317)",254.2,,height 1,"{(655012, 33144500, 0): 106.416, (33144494, 33144497, 0): 172.648, (33144497, 33144550, 0): 104.795, (33144497, 358517297, 0): 111.09800000000001, (33144500, 33344806, 0): 179.643}",16
33144503,33344810,0,749696272,,Theresiengasse,residential,30,True,114.712,"LINESTRING (16.3432442 48.2239979, 16.3434463 48.2250207)",7.5,,height 2,"{(33144494, 33144503, 0): 172.882, (33144503, 33143834, 0): 96.587, (33144550, 33144503, 0): 83.386, (33344810, 33344809, 0): 96.688, (33344810, 401838, 0): 83.31599999999999}",11
33144503,33143834,0,24940036,,Schopenhauerstraße,residential,30,True,99.38900000000001,"LINESTRING (16.3432442 48.2239979, 16.3419925 48.2240984, 16.3419122 48.2241049)",276.9,,height 1,"{(33143834, 33144555, 0): 175.67399999999998, (33143834, 401838, 0): 86.789, (33143834, 33143829, 0): 92.497, (33144494, 33144503, 0): 76.295, (33144503, 33344810, 0): 96.587, (33144550, 33144503, 0): 179.97299999999998}",18
33144550,33144503,0,24940036,,Schopenhauerstraße,residential,30,True,69.372,"LINESTRING (16.344174 48.2239237, 16.3432442 48.2239979)",276.8,,height 1,"{(33144494, 33144503, 0): 103.732, (33144497, 33144550, 0): 75.801, (33144503, 33344810, 0): 83.386, (33144503, 33143834, 0): 179.97299999999998, (33344807, 33144550, 0): 179.771, (33344808, 33144550, 0): 103.111}",18
33144555,33144566,0,4996522,,Abt-Karl-Gasse,residential,30,True,95.149,"LINESTRING (16.3399554 48.2244141, 16.3397192 48.223573)",190.6,,height 2,"{(33143834, 33144555, 0): 96.706, (33144555, 60631071, 0): 179.558, (33144555, 33345301, 0): 82.03699999999999, (33144566, 33144560, 0): 86.681, (33144572, 33144566, 0): 91.501}",22
33144555,60631071,0,8092843,,Abt-Karl-Gasse,residential,30,True,95.383,"LINESTRING (16.3399554 48.2244141, 16.3401854 48.2252581)",10.3,,height 2,"{(33143834, 33144555, 0): 83.736, (33144555, 33144566, 0): 179.558, (33144555, 33345301, 0): 97.521, (60631071, 401838, 0): 101.326, (60631071, 33345294, 0): 173.159}",22
33144555,33345301,0,28989536,,Schopenhauerstraße,residential,30,True,111.619,"LINESTRING (16.3399554 48.2244141, 16.3394916 48.224477, 16.3392042 48.2245521, 16.3385877 48.2248059)",293.3,,height 1,"{(33143834, 33144555, 0): 178.74300000000002, (33144555, 33144566, 0): 82.03699999999999, (33144555, 60631071, 0): 97.521, (33345301, 33345300, 0): 177.803, (33345301, 33144577, 0): 110.875}",18
33144560,283324407,0,4996485,,Eduardgasse,residential,30,True,84.03699999999999,"LINESTRING (16.3404827 48.2234056, 16.3400306 48.222728, 16.3400219 48.222715)",204.0,,height 2,"{(33144560, 33143829, 0): 112.185, (33144566, 33144560, 0): 68.655, (283324407, 25280482, 0): 108.571, (283324407, 392301, 0): 71.191, (283324407, 33144475, 0): 179.84799999999998}",23
33144560,33143829,0,195532852,,Staudgasse,residential,30,True,101.198,"LINESTRING (16.3404827 48.2234056, 16.3417076 48.2231558, 16.3417921 48.2231494)",106.4,,height 1,"{(33143829, 33144494, 0): 178.793, (33143829, 392301, 0): 86.212, (33143834, 33143829, 0): 94.78399999999999, (33144560, 283324407, 0): 112.185, (33144566, 33144560, 0): 179.16}",16
33144566,33144560,0,195532852,,Staudgasse,residential,30,True,59.545,"LINESTRING (16.3397192 48.223573, 16.3404827 48.2234056)",108.2,,height 1,"{(33144555, 33144566, 0): 86.681, (33144560, 283324407, 0): 68.655, (33144560, 33143829, 0): 179.16, (33144572, 33144566, 0): 178.182}",16
33144572,33144566,0,195532852,,Staudgasse,residential,30,True,49.497,"LINESTRING (16.3390945 48.2237309, 16.3397192 48.223573)",110.8,,height 1,"{(25280482, 33144572, 0): 114.888, (33144555, 33144566, 0): 91.501, (33144566, 33144560, 0): 178.182, (33144577, 33144572, 0): 167.171}",16
33144577,33144572,0,195532852,,Staudgasse,residential,30,True,95.709,"LINESTRING (16.3380685 48.224254, 16.3390945 48.2237309)",127.4,,height 1,"{(25280482, 33144572, 0): 77.941, (33144572, 33144566, 0): 167.171, (33144577, 33143995, 0): 107.14, (33345301, 33144577, 0): 73.763, (33345304, 33144577, 0): 179.233}",16
33144577,33143995,0,250014287,,Leitermayergasse,residential,30,True,86.253,"LINESTRING (16.3380685 48.224254, 16.337448 48.2236149, 16.3374361 48.2236027)",212.9,,height 2,"{(33143995, 3956260281, 0): 179.774, (33143995, 29048468, 0): 112.67, (33143995, 25280482, 0): 67.3, (33144577, 33144572, 0): 107.14, (33345301, 33144577, 0): 179.097, (33345304, 33144577, 0): 73.627}",19
33144583,33143898,0,210597181,,Leo-Slezak-Gasse,residential,30,True,92.633,"LINESTRING (16.3397278 48.2189455, 16.3398591 48.2189203, 16.340282 48.2188192, 16.3409226 48.2187018)",107.0,,height 1,"{(33143898, 33143888, 0): 100.71799999999999, (33143898, 3312560802, 0): 179.465, (33144629, 33144583, 0): 80.141, (245498398, 33144583, 0): 176.452}",0
33144588,245498398,0,28079386,,Beheimgasse,residential,30,True,105.588,"LINESTRING (16.3380305 48.2193773, 16.3386613 48.2192173, 16.3393624 48.2190394)",110.8,,height 1,"{(33144626, 33144588, 0): 69.217, (245498398, 33144583, 0): 179.826, (245498401, 245498398, 0): 100.858, (264055538, 33144588, 0): 177.68099999999998}",0
33144591,264055538,0,227970769,,Beheimgasse,residential,30,True,226.93099999999998,"LINESTRING (16.3331256 48.2203904, 16.3344245 48.2201278, 16.336055 48.2197941)",107.0,,height 1,"{(33144596, 33144591, 0): 176.243, (33144640, 33144591, 0): 57.92, (264055538, 264055539, 0): 98.55199999999999, (264055538, 33144588, 0): 179.65200000000002}",0
33144596,33144644,0,5010790,,Weidmanngasse,residential,30,True,68.265,"LINESTRING (16.3323449 48.2206023, 16.3327043 48.2211676)",23.0,,height 2,"{(33144596, 33144591, 0): 72.739, (33144601, 33144596, 0): 106.993, (33144640, 33144644, 0): 105.293, (33144644, 392224, 0): 179.37, (33144644, 33144648, 0): 75.38499999999999}",2
33144596,33144591,0,37519305,,Beheimgasse,residential,30,True,62.454,"LINESTRING (16.3323449 48.2206023, 16.3331256 48.2203904)",112.2,,height 1,"{(33144591, 264055538, 0): 176.243, (33144596, 33144644, 0): 72.739, (33144601, 33144596, 0): 179.732, (33144640, 33144591, 0): 118.32300000000001}",0
33144601,33144596,0,37519305,,Beheimgasse,residential,30,True,69.028,"LINESTRING (16.3314843 48.2208402, 16.331502 48.2208353, 16.3315553 48.2208206, 16.3323449 48.2206023)",112.5,,height 1,"{(33144596, 33144644, 0): 106.993, (33144596, 33144591, 0): 179.732, (33144605, 33144601, 0): 176.748, (33144648, 33144601, 0): 79.167}",0
33144605,33144601,0,37519305,,Beheimgasse,residential,30,True,67.22,"LINESTRING (16.3306752 48.2211138, 16.3314666 48.2208462, 16.3314843 48.2208402)",116.9,,height 1,"{(33144601, 33144596, 0): 176.748, (33144611, 33144605, 0): 179.70499999999998, (33144648, 33144601, 0): 97.581, (33144652, 33144605, 0): 79.765}",0
33144611,33174087,0,37519304,,Lacknergasse,residential,30,True,71.609,"LINESTRING (16.3297548 48.2214303, 16.3301412 48.2220206)",23.6,,height 2,"{(33144611, 33144605, 0): 75.769, (33144616, 33144611, 0): 105.103, (33144652, 33174087, 0): 104.419, (33174087, 33144755, 0): 179.344, (33174087, 33144655, 0): 75.759}",10
33144611,33144605,0,172289387,,Beheimgasse,residential,30,True,76.734,"LINESTRING (16.3297548 48.2214303, 16.3306752 48.2211138)",117.3,,height 1,"{(33144605, 33144601, 0): 179.70499999999998, (33144611, 33174087, 0): 75.769, (33144616, 33144611, 0): 179.128, (33144652, 33144605, 0): 99.94}",0
33144616,33144611,0,172289387,,Beheimgasse,residential,30,True,67.57,"LINESTRING (16.328936 48.221698, 16.3297548 48.2214303)",116.1,,height 1,"{(33144611, 33174087, 0): 105.103, (33144611, 33144605, 0): 179.128, (33144621, 33144616, 0): 179.19799999999998, (33144655, 33144616, 0): 98.34}",0
33144621,33144616,0,172289387,,Beheimgasse,residential,30,True,76.95400000000001,"LINESTRING (16.3280054 48.2220036, 16.3281112 48.2219805, 16.328936 48.221698)",116.2,,height 1,"{(33144616, 33144611, 0): 179.19799999999998, (33144655, 33144616, 0): 80.858, (33144659, 33144621, 0): 74.908}",0
33144626,33144588,0,23711934,,Syringgasse,residential,30,True,65.996,"LINESTRING (16.3384073 48.2199151, 16.3380305 48.2193773)",205.0,,height 2,"{(33144422, 33144626, 0): 177.293, (33144588, 245498398, 0): 69.217, (33144626, 264055539, 0): 66.68, (245498401, 33144626, 0): 113.374, (264055538, 33144588, 0): 113.102}",20
33144626,264055539,0,53555533,,Blumengasse,residential,30,True,166.431,"LINESTRING (16.3384073 48.2199151, 16.336262 48.2203592)",287.3,,height 1,"{(33144422, 33144626, 0): 110.613, (33144626, 33144588, 0): 66.68, (245498401, 33144626, 0): 179.946, (264055538, 264055539, 0): 98.422, (264055539, 33144633, 0): 179.915, (264055539, 264055540, 0): 60.488}",24
33144629,245498401,0,4996484,,Blumengasse,residential,30,True,25.318,"LINESTRING (16.3399699 48.2195895, 16.339772 48.2196325, 16.3397134 48.2196452, 16.339645 48.2196601)",288.1,,height 1,"{(33144629, 33144424, 0): 98.247, (33144629, 33144583, 0): 82.001, (245498401, 33144626, 0): 179.353, (245498401, 245498398, 0): 100.638}",24
33144629,33144424,0,11381454,2,Martinstraße,tertiary,30,True,111.61599999999999,"LINESTRING (16.3399699 48.2195895, 16.3400683 48.2198526, 16.340231 48.2202584, 16.3403692 48.2204932, 16.340405 48.2205487)",16.8,,height 2,"{(33143888, 33144424, 0): 107.11699999999999, (33144424, 33144422, 0): 72.45700000000001, (33144467, 33144424, 0): 179.23899999999998, (33144629, 245498401, 0): 98.247, (33144629, 33144583, 0): 179.752}",17
33144629,33144583,0,11381454,2,Martinstraße,tertiary,30,True,73.822,"LINESTRING (16.3399699 48.2195895, 16.3399083 48.2194226, 16.3397278 48.2189455)",194.1,,height 2,"{(33144583, 33143898, 0): 80.141, (33144629, 245498401, 0): 82.001, (33144629, 33144424, 0): 179.752, (245498398, 33144583, 0): 96.31099999999999}",17
33144633,33144637,0,30190610,,Blumengasse,residential,30,True,62.265,"LINESTRING (16.3349181 48.2206395, 16.3341114 48.2207966)",286.3,,height 1,"{(33144640, 33144637, 0): 179.432, (33144941, 33144633, 0): 118.016, (264055539, 33144633, 0): 179.239, (320192043, 33144637, 0): 56.56999999999999}",24
33144640,33144644,0,53556203,,Blumengasse,residential,30,True,73.191,"LINESTRING (16.3336007 48.2208909, 16.3327043 48.2211676)",294.9,,height 1,"{(33144596, 33144644, 0): 105.293, (33144640, 33144591, 0): 63.644999999999996, (33144640, 33144637, 0): 173.312, (33144644, 392224, 0): 75.337, (33144644, 33144648, 0): 179.322, (33144947, 33144640, 0): 116.687}",24
33144640,33144591,0,150133452,,Kalvarienberggasse,residential,30,True,65.85,"LINESTRING (16.3336007 48.2208909, 16.3331256 48.2203904)",212.3,,height 2,"{(33144591, 264055538, 0): 57.92, (33144596, 33144591, 0): 118.32300000000001, (33144640, 33144644, 0): 63.644999999999996, (33144640, 33144637, 0): 123.043, (33144947, 33144640, 0): 179.668}",13
33144640,33144637,0,171978225,,Dornerplatz,residential,30,True,39.261,"LINESTRING (16.3336007 48.2208909, 16.3339504 48.2208263, 16.3341114 48.2207966)",105.5,,height 1,"{(33144633, 33144637, 0): 179.432, (33144640, 33144644, 0): 173.312, (33144640, 33144591, 0): 123.043, (33144947, 33144640, 0): 56.625, (320192043, 33144637, 0): 123.998}",24
33144644,392224,0,5010790,,Weidmanngasse,residential,30,True,118.744,"LINESTRING (16.3327043 48.2211676, 16.3333166 48.2221545)",22.5,,height 2,"{(392224, 33144947, 0): 99.131, (392224, 393924, 0): 179.953, (33144596, 33144644, 0): 179.37, (33144640, 33144644, 0): 75.337, (33144644, 33144648, 0): 103.985, (162796578, 392224, 0): 82.123}",2
33144644,33144648,0,53556203,,Blumengasse,residential,30,True,75.103,"LINESTRING (16.3327043 48.2211676, 16.331869 48.2214363, 16.3318078 48.221456, 16.3317914 48.2214613)",295.8,,height 1,"{(33144596, 33144644, 0): 75.38499999999999, (33144640, 33144644, 0): 179.322, (33144644, 392224, 0): 103.985, (33144648, 33144601, 0): 98.436, (33144648, 33144652, 0): 179.26299999999998, (162796578, 33144648, 0): 81.606}",24
33144648,33144601,0,11384861,,Hormayrgasse,residential,50,True,72.714,"LINESTRING (16.3317914 48.2214613, 16.3317707 48.2214195, 16.3314843 48.2208402)",198.2,,height 2,"{(33144601, 33144596, 0): 79.167, (33144605, 33144601, 0): 97.581, (33144644, 33144648, 0): 98.436, (33144648, 33144652, 0): 82.301, (162796578, 33144648, 0): 179.958}",6
33144648,33144652,0,53556203,,Blumengasse,residential,30,True,64.693,"LINESTRING (16.3317914 48.2214613, 16.3317751 48.2214668, 16.3317192 48.2214857, 16.3310124 48.2217242)",296.9,,height 1,"{(33144644, 33144648, 0): 179.26299999999998, (33144648, 33144601, 0): 82.301, (33144652, 33144605, 0): 100.271, (33144652, 33174087, 0): 179.85700000000003, (33144997, 33144652, 0): 79.099, (162796578, 33144648, 0): 97.657}",24
33144652,33144605,0,4996503,,Kastnergasse,residential,30,True,72.325,"LINESTRING (16.3310124 48.2217242, 16.3306752 48.2211138)",200.2,,height 2,"{(33144605, 33144601, 0): 79.765, (33144611, 33144605, 0): 99.94, (33144648, 33144652, 0): 100.271, (33144652, 33174087, 0): 79.872, (33144997, 33144652, 0): 179.37}",25
33144652,33174087,0,53556203,,Blumengasse,residential,30,True,72.47,"LINESTRING (16.3310124 48.2217242, 16.3301412 48.2220206)",297.1,,height 1,"{(33144611, 33174087, 0): 104.419, (33144648, 33144652, 0): 179.85700000000003, (33144652, 33144605, 0): 79.872, (33144997, 33144652, 0): 100.758, (33174087, 33144755, 0): 76.237, (33174087, 33144655, 0): 179.822}",24
33144655,33144659,0,294583330,,Blumengasse,residential,30,True,79.869,"LINESTRING (16.3292942 48.2223117, 16.3283356 48.2226404)",297.2,,height 1,"{(33144655, 33144616, 0): 76.634, (33144659, 33144621, 0): 98.481, (33144750, 33144659, 0): 81.181, (33144759, 33144655, 0): 102.86, (33174087, 33144655, 0): 179.95999999999998}",24
33144655,33144616,0,60640437,,Rokitanskygasse,residential,30,True,73.47999999999999,"LINESTRING (16.3292942 48.2223117, 16.3289471 48.2217625, 16.328936 48.221698)",201.2,,height 2,"{(33144616, 33144611, 0): 98.34, (33144621, 33144616, 0): 80.858, (33144655, 33144659, 0): 76.634, (33144759, 33144655, 0): 179.494, (33174087, 33144655, 0): 103.326}",26
33144659,33144621,0,4996486,,Rosensteingasse,residential,30,True,74.915,"LINESTRING (16.3283356 48.2226404, 16.3280054 48.2220036)",199.1,,height 2,"{(33144621, 33144616, 0): 74.908, (33144655, 33144659, 0): 98.481, (33144750, 33144659, 0): 179.66199999999998}",0
33144747,33144759,0,24939635,,Diepoldplatz,residential,30,True,89.869,"LINESTRING (16.3301183 48.2236691, 16.32967 48.2229181)",201.7,,height 2,"{(33144747, 26405248, 0): 97.451, (33144750, 33144747, 0): 82.185, (33144755, 33144759, 0): 73.825, (33144759, 33144655, 0): 179.048, (50655844, 33144747, 0): 179.274}",26
33144747,26405248,0,175493922,,Diepoldplatz,residential,30,True,75.072,"LINESTRING (16.3301183 48.2236691, 16.330736 48.223402, 16.3309683 48.2233015)",123.0,,height 1,"{(26405248, 33144997, 0): 175.19500000000002, (26405248, 33144463, 0): 99.14, (33144747, 33144759, 0): 97.451, (33144750, 33144747, 0): 179.63600000000002, (33144755, 26405248, 0): 80.224, (50655844, 33144747, 0): 81.82300000000001}",1
33144750,33144747,0,24939637,,Leopold-Ernst-Gasse,residential,30,True,86.317,"LINESTRING (16.3291359 48.2240865, 16.3301183 48.2236691)",122.5,,height 1,"{(33144747, 33144759, 0): 82.185, (33144747, 26405248, 0): 179.63600000000002, (33144750, 33144659, 0): 115.51, (50655844, 33144747, 0): 98.541, (50655845, 33144750, 0): 76.53}",1
33144750,33144659,0,4996486,,Rosensteingasse,residential,30,True,171.789,"LINESTRING (16.3291359 48.2240865, 16.3290619 48.2240211, 16.3283356 48.2226404)",200.2,,height 2,"{(33144655, 33144659, 0): 81.181, (33144659, 33144621, 0): 179.66199999999998, (33144750, 33144747, 0): 115.51, (50655845, 33144750, 0): 167.96}",0
33144755,26405248,0,24939640,,Diepoldplatz,residential,30,True,74.831,"LINESTRING (16.330565 48.2226845, 16.3309683 48.2233015)",23.5,,height 2,"{(26405248, 33144997, 0): 94.971, (26405248, 33144463, 0): 179.364, (33144747, 26405248, 0): 80.224, (33144755, 33144759, 0): 108.566, (33174087, 33144755, 0): 179.381}",10
33144755,33144759,0,4996497,,Diepoldplatz,living_street,,True,71.209,"LINESTRING (16.330565 48.2226845, 16.3304326 48.222719, 16.3301156 48.2228018, 16.3297885 48.2228871, 16.32967 48.2229181)",291.4,,height 1,"{(33144747, 33144759, 0): 73.825, (33144755, 26405248, 0): 108.566, (33144759, 33144655, 0): 107.127, (33174087, 33144755, 0): 72.053}",27
33144759,33144655,0,24939636,,Rokitanskygasse,residential,30,True,72.95,"LINESTRING (16.32967 48.2229181, 16.3292942 48.2223117)",202.4,,height 2,"{(33144655, 33144659, 0): 102.86, (33144655, 33144616, 0): 179.494, (33144747, 33144759, 0): 179.048, (33144755, 33144759, 0): 107.127, (33174087, 33144655, 0): 77.18}",26
33144941,33144633,0,498077617,,Leitermayergasse,residential,30,True,78.029,"LINESTRING (16.3354187 48.2212569, 16.3349181 48.2206395)",208.4,,height 2,"{(33144427, 33144941, 0): 179.758, (33144633, 33144637, 0): 118.016, (33144941, 264055540, 0): 105.97800000000001, (264055539, 33144633, 0): 62.745, (320192043, 33144941, 0): 74.39099999999999}",19
33144941,264055540,0,"[171978224, 363031475]",,Leopold-Ernst-Gasse,residential,30,True,104.368,"LINESTRING (16.3354187 48.2212569, 16.3357497 48.221116, 16.3366029 48.2207485)",122.8,,height 1,"{(33144427, 33144941, 0): 73.78, (33144941, 33144633, 0): 105.97800000000001, (264055539, 264055540, 0): 72.095, (264055540, 33143821, 0): 106.772, (320192043, 33144941, 0): 179.631}",1
33144947,320192043,0,171978228,,Dornerplatz,residential,30,True,38.453,"LINESTRING (16.3343852 48.2217078, 16.3348182 48.2215171)",123.5,,height 1,"{(392224, 33144947, 0): 178.917, (33144459, 33144947, 0): 69.441, (33144947, 33144640, 0): 110.072, (320192043, 33144637, 0): 69.31899999999999, (320192043, 33144941, 0): 179.658}",1
33144947,33144640,0,171978230,,Dornerplatz,residential,30,True,107.837,"LINESTRING (16.3343852 48.2217078, 16.3336007 48.2208909)",212.6,,height 2,"{(392224, 33144947, 0): 68.845, (33144459, 33144947, 0): 179.513, (33144640, 33144644, 0): 116.687, (33144640, 33144591, 0): 179.668, (33144640, 33144637, 0): 56.625, (33144947, 320192043, 0): 110.072}",13
33144997,33144652,0,739101912,,Kastnergasse,residential,30,True,141.622,"LINESTRING (16.3316878 48.2229157, 16.3310124 48.2217242)",200.7,,height 2,"{(26405248, 33144997, 0): 88.653, (33144648, 33144652, 0): 79.099, (33144652, 33144605, 0): 179.37, (33144652, 33174087, 0): 100.758, (33144997, 162796578, 0): 92.913}",25
33144997,162796578,0,24939638,,Leopold-Ernst-Gasse,residential,30,True,61.403,"LINESTRING (16.3316878 48.2229157, 16.332283 48.2226172, 16.33235 48.2225836)",127.0,,height 1,"{(26405248, 33144997, 0): 178.43400000000003, (33144997, 33144652, 0): 92.913, (162796578, 33144648, 0): 82.54299999999999, (162796578, 392224, 0): 177.173, (292365649, 162796578, 0): 100.896}",1
33174087,33144755,0,37519304,,Lacknergasse,residential,30,True,80.221,"LINESTRING (16.3301412 48.2220206, 16.330565 48.2226845)",23.0,,height 2,"{(33144611, 33174087, 0): 179.344, (33144652, 33174087, 0): 76.237, (33144755, 26405248, 0): 179.381, (33144755, 33144759, 0): 72.053, (33174087, 33144655, 0): 103.58500000000001}",10
33174087,33144655,0,53556203,,Blumengasse,residential,30,True,70.605,"LINESTRING (16.3301412 48.2220206, 16.3292942 48.2223117)",297.3,,height 1,"{(33144611, 33174087, 0): 75.759, (33144652, 33174087, 0): 179.822, (33144655, 33144659, 0): 179.95999999999998, (33144655, 33144616, 0): 103.326, (33144759, 33144655, 0): 77.18, (33174087, 33144755, 0): 103.58500000000001}",24
33344253,392442,0,11384010,,Schulgasse,residential,30,True,61.757,"LINESTRING (16.3471178 48.2247525, 16.3479013 48.2246876, 16.3479451 48.224684)",97.1,,height 1,"{(392442, 655018, 0): 179.54999999999998, (394751, 392442, 0): 96.496, (33344253, 251207329, 0): 76.958, (33344805, 33344253, 0): 101.733, (33344811, 33344253, 0): 179.32}",3
33344253,251207329,0,53557524,,Canongasse,residential,30,True,78.09100000000001,"LINESTRING (16.3471178 48.2247525, 16.3473213 48.2253872, 16.3473339 48.2254266, 16.347338 48.2254393)",12.1,,height 2,"{(33344253, 392442, 0): 76.958, (33344805, 33344253, 0): 178.69100000000003, (33344811, 33344253, 0): 103.72200000000001, (251207329, 394751, 0): 98.466, (251207329, 33344812, 0): 81.60600000000001}",28
33344801,655012,0,30282227,3,Währinger Gürtel,primary,50,True,100.832,"LINESTRING (16.3461958 48.2226739, 16.3449313 48.2223384)",248.3,B221,height 1,"{(655012, 33144500, 0): 106.325, (655012, 283324403, 0): 179.421, (33344802, 33344801, 0): 179.989, (33344806, 33344801, 0): 74.071}",8
33344802,33344805,0,8105923,,Canongasse,residential,30,True,92.812,"LINESTRING (16.3473009 48.2229672, 16.3472687 48.2230186, 16.3468177 48.2237373)",337.3,,height 2,"{(655018, 33344802, 0): 106.857, (33344802, 33344801, 0): 72.793, (33344805, 33344253, 0): 131.423, (33344806, 33344805, 0): 107.331}",28
33344802,33344801,0,30282227,3,Währinger Gürtel,primary,50,True,88.125,"LINESTRING (16.3473009 48.2229672, 16.3467355 48.2228172, 16.3461958 48.2226739)",248.3,B221,height 1,"{(655018, 33344802, 0): 179.65, (33344801, 655012, 0): 179.989, (33344802, 33344805, 0): 72.793, (33344806, 33344801, 0): 105.91799999999999}",8
33344805,33344253,0,8105923,,Canongasse,residential,30,True,115.054,"LINESTRING (16.3468177 48.2237373, 16.3471178 48.2247525)",11.1,,height 2,"{(33344253, 392442, 0): 101.733, (33344253, 251207329, 0): 178.69100000000003, (33344802, 33344805, 0): 131.423, (33344806, 33344805, 0): 121.246, (33344811, 33344253, 0): 77.58699999999999}",28
33344806,33344801,0,444930111,,Hans-Sachs-Gasse,residential,30,True,95.051,"LINESTRING (16.3457224 48.2234684, 16.3461958 48.2226739)",158.3,,height 2,"{(33144500, 33344806, 0): 106.377, (33344801, 655012, 0): 74.071, (33344802, 33344801, 0): 105.91799999999999, (33344806, 33344805, 0): 66.7, (33344807, 33344806, 0): 177.17899999999997}",29
33344806,33344805,0,24940052,,Staudgasse,residential,30,True,86.639,"LINESTRING (16.3457224 48.2234684, 16.3458738 48.2234883, 16.3468177 48.2237373)",69.8,,height 1,"{(33144500, 33344806, 0): 173.077, (33344802, 33344805, 0): 107.331, (33344805, 33344253, 0): 121.246, (33344806, 33344801, 0): 66.7, (33344807, 33344806, 0): 116.12100000000001}",16
33344807,33144550,0,24940036,,Schopenhauerstraße,residential,30,True,98.505,"LINESTRING (16.3454933 48.2238131, 16.344174 48.2239237)",277.2,,height 1,"{(33144497, 33144550, 0): 103.97, (33144550, 33144503, 0): 179.771, (33344807, 33344806, 0): 128.401, (33344808, 33144550, 0): 77.118, (33344811, 33344807, 0): 98.711}",18
33344807,33344806,0,28989535,,Hans-Sachs-Gasse,residential,30,True,41.918,"LINESTRING (16.3454933 48.2238131, 16.3457224 48.2234684)",156.1,,height 2,"{(33144500, 33344806, 0): 70.80199999999999, (33344806, 33344801, 0): 177.17899999999997, (33344806, 33344805, 0): 116.12100000000001, (33344807, 33144550, 0): 128.401, (33344811, 33344807, 0): 132.888}",29
33344808,33144550,0,23713289,,Kutschkergasse,residential,30,True,115.333,"LINESTRING (16.3444973 48.2249383, 16.344174 48.2239237)",192.0,,height 2,"{(33144497, 33144550, 0): 178.912, (33144550, 33144503, 0): 103.111, (33344807, 33144550, 0): 77.118, (33344809, 33344808, 0): 76.812, (33344811, 33344808, 0): 103.59200000000001}",21
33344809,2423479559,0,"[5010787, 24939860]",,"['Maynollogasse', 'Gertrudplatz']",living_street,,True,152.328,"LINESTRING (16.3438705 48.2249874, 16.3438959 48.2250684, 16.3440662 48.2256117, 16.3440785 48.2256511, 16.3440831 48.2256657, 16.3442969 48.2262828, 16.3443058 48.2263002, 16.3443097 48.2263099, 16.3443157 48.2263246)",12.5,,height 2,"{(33344809, 33344808, 0): 77.068, (33344810, 33344809, 0): 102.92099999999999, (2423479559, 33344812, 0): 97.352, (2423479559, 33344816, 0): 80.743}",30
33344809,33344808,0,11384010,,Schulgasse,residential,30,True,46.753,"LINESTRING (16.3438705 48.2249874, 16.3444017 48.2249458, 16.3444973 48.2249383)",96.7,,height 1,"{(33344808, 33144550, 0): 76.812, (33344809, 2423479559, 0): 77.068, (33344810, 33344809, 0): 179.989, (33344811, 33344808, 0): 179.596}",3
33344810,33344809,0,11384010,,Schulgasse,residential,30,True,31.642,"LINESTRING (16.3434463 48.2250207, 16.3438705 48.2249874)",96.7,,height 1,"{(33144503, 33344810, 0): 96.688, (33344809, 2423479559, 0): 102.92099999999999, (33344809, 33344808, 0): 179.989, (33344810, 401838, 0): 179.996}",3
33344810,401838,0,11384010,,Schulgasse,residential,30,True,103.848,"LINESTRING (16.3434463 48.2250207, 16.3421483 48.2251227, 16.3420541 48.2251301)",276.7,,height 1,"{(33143834, 401838, 0): 93.435, (33144503, 33344810, 0): 83.31599999999999, (33344810, 33344809, 0): 179.996, (33344817, 401838, 0): 86.775, (60631071, 401838, 0): 179.443}",3
33344811,33344253,0,11384010,,Schulgasse,residential,30,True,102.471,"LINESTRING (16.3457423 48.22485, 16.3471178 48.2247525)",96.1,,height 1,"{(33344253, 392442, 0): 179.32, (33344253, 251207329, 0): 103.72200000000001, (33344805, 33344253, 0): 77.58699999999999, (33344811, 33344807, 0): 99.44800000000001, (33344811, 33344808, 0): 180, (33344812, 33344811, 0): 79.406}",3
33344811,33344807,0,28989534,,Hans-Sachs-Gasse,residential,30,True,116.764,"LINESTRING (16.3457423 48.22485, 16.3454933 48.2238131)",189.1,,height 2,"{(33344807, 33144550, 0): 98.711, (33344807, 33344806, 0): 132.888, (33344811, 33344253, 0): 99.44800000000001, (33344811, 33344808, 0): 80.55199999999999, (33344812, 33344811, 0): 178.85399999999998}",29
33344811,33344808,0,11384010,,Schulgasse,residential,30,True,92.75,"LINESTRING (16.3457423 48.22485, 16.344601 48.2249309, 16.3444973 48.2249383)",276.1,,height 1,"{(33344808, 33144550, 0): 103.59200000000001, (33344809, 33344808, 0): 179.596, (33344811, 33344253, 0): 180, (33344811, 33344807, 0): 80.55199999999999, (33344812, 33344811, 0): 100.594}",3
33344812,33344811,0,5010777,,Hans-Sachs-Gasse,residential,30,True,92.597,"LINESTRING (16.3459567 48.2256704, 16.3459527 48.2256552, 16.3459406 48.2256086, 16.3457423 48.22485)",189.9,,height 2,"{(33344811, 33344253, 0): 79.406, (33344811, 33344807, 0): 178.85399999999998, (33344811, 33344808, 0): 100.594, (251207329, 33344812, 0): 95.246, (2423479559, 33344812, 0): 84.813}",29
33344817,401838,0,341624385,2,Martinstraße,tertiary,30,True,165.092,"LINESTRING (16.3422558 48.2266087, 16.3422537 48.2265957, 16.3422463 48.2265496, 16.3420628 48.2251943, 16.3420541 48.2251301)",185.2,,height 2,"{(33143834, 401838, 0): 179.78999999999996, (33344810, 401838, 0): 86.775, (33344817, 33344816, 0): 93.569, (33345293, 33344817, 0): 86.844, (60631071, 401838, 0): 93.782}",17
33344817,33344816,0,508760485,2,Währinger Straße,secondary,50,True,97.07400000000001,"LINESTRING (16.3422558 48.2266087, 16.3423434 48.2266001, 16.3427662 48.2265618, 16.3428535 48.2265563, 16.3435543 48.2264915)",97.7,,height 1,"{(33344817, 401838, 0): 93.569, (33345293, 33344817, 0): 179.587, (2423479559, 33344816, 0): 177.23499999999999}",0
33344824,33345297,0,195532853,,Teschnergasse,residential,30,True,83.38300000000001,"LINESTRING (16.3383056 48.2258139, 16.3383523 48.2258698, 16.3385834 48.2265382)",14.3,,height 2,"{(33344825, 33344824, 0): 108.014, (33345297, 33345289, 0): 89.409, (33345297, 251523470, 0): 179.514, (33345300, 33344824, 0): 176.483}",13
33344825,33345299,0,5010795,,Anna-Frauer-Gasse,residential,30,True,78.156,"LINESTRING (16.3377366 48.2260422, 16.3371846 48.2254432)",211.5,,height 2,"{(33344825, 33344824, 0): 110.8, (33345285, 33344825, 0): 70.22200000000001, (33345299, 33345298, 0): 107.97, (33345300, 33345299, 0): 71.534}",31
33344825,33344824,0,620608010,,Schulgasse,residential,30,True,49.204,"LINESTRING (16.3377366 48.2260422, 16.3383056 48.2258139)",121.1,,height 1,"{(33344824, 33345297, 0): 108.014, (33344825, 33345299, 0): 110.8, (33345285, 33344825, 0): 178.978, (33345300, 33344824, 0): 68.469}",32
33345285,33344825,0,620608010,,Schulgasse,residential,30,True,61.684,"LINESTRING (16.3370332 48.2263391, 16.3377366 48.2260422)",122.4,,height 1,"{(33344825, 33345299, 0): 70.22200000000001, (33344825, 33344824, 0): 178.978, (33345285, 394989, 0): 179.39499999999998, (33345298, 33345285, 0): 108.743}",32
33345285,394989,0,620608010,,Schulgasse,residential,30,True,107.593,"LINESTRING (16.3370332 48.2263391, 16.3358809 48.2268112, 16.335796 48.226846)",301.6,,height 1,"{(394989, 33345287, 0): 97.376, (33345285, 33344825, 0): 179.39499999999998, (33345289, 394989, 0): 81.541, (33345298, 33345285, 0): 70.652, (33345311, 394989, 0): 179.978}",32
33345286,33345303,0,38665945,,Staudgasse,residential,30,True,86.441,"LINESTRING (16.3351453 48.2257474, 16.3360885 48.2252897)",126.1,,height 1,"{(33144069, 33345303, 0): 73.877, (33345286, 283324413, 0): 105.368, (33345287, 33345286, 0): 84.031, (33345303, 33345304, 0): 178.393, (33345303, 33345298, 0): 106.568}",16
33345286,283324413,0,172398664,,Vinzenzgasse,residential,30,True,98.25,"LINESTRING (16.3351453 48.2257474, 16.3345237 48.2250387, 16.3344762 48.2249845)",210.3,,height 2,"{(33345286, 33345303, 0): 105.368, (33345287, 33345286, 0): 170.601, (283324413, 33144491, 0): 179.144, (283324413, 29048469, 0): 105.715, (283324413, 33144069, 0): 74.877}",6
33345287,33345286,0,655549764,,Vinzenzgasse,residential,30,True,57.814,"LINESTRING (16.3354438 48.2262278, 16.3351453 48.2257474)",202.5,,height 2,"{(394989, 33345287, 0): 177.817, (33345286, 33345303, 0): 84.031, (33345286, 283324413, 0): 170.601, (33345298, 33345287, 0): 97.866}",6
33345289,33345310,0,5010791,,Plenergasse,residential,30,True,98.39,"LINESTRING (16.3361053 48.2273665, 16.3349334 48.227783)",298.1,,height 1,"{(33345289, 394989, 0): 78.849, (33345297, 33345289, 0): 178.916, (33345310, 33345311, 0): 85.30499999999999, (64975949, 33345310, 0): 96.09100000000001, (1850015446, 33345289, 0): 100.449}",33
33345289,394989,0,327069938,,Vinzenzgasse,residential,30,True,62.247,"LINESTRING (16.3361053 48.2273665, 16.335833 48.2269082, 16.335796 48.226846)",201.6,,height 2,"{(394989, 33345287, 0): 178.91699999999997, (33345285, 394989, 0): 81.541, (33345289, 33345310, 0): 78.849, (33345297, 33345289, 0): 102.235, (33345311, 394989, 0): 98.437, (1850015446, 33345289, 0): 179.298}",6
33345293,33344817,0,550487337,2,Währinger Straße,secondary,50,True,119.702,"LINESTRING (16.3406794 48.226844, 16.3407923 48.2268228, 16.3410712 48.2267808, 16.3414749 48.2267214, 16.341603 48.2267031, 16.3418733 48.2266592, 16.3421515 48.2266197, 16.3422558 48.2266087)",102.6,,height 1,"{(33344817, 401838, 0): 86.844, (33344817, 33344816, 0): 179.587, (33345294, 33345293, 0): 109.375, (251523470, 33345293, 0): 175.40699999999998}",0
33345294,33345293,0,11371897,,Weimarer Straße,residential,30,True,75.57400000000001,"LINESTRING (16.340325 48.2262071, 16.3403744 48.2263212, 16.3406727 48.2268324, 16.3406794 48.226844)",20.3,,height 2,"{(33345293, 33344817, 0): 109.375, (60631071, 33345294, 0): 164.95600000000002, (251523470, 33345293, 0): 75.218}",22
33345297,33345289,0,5010791,,Plenergasse,residential,30,True,205.378,"LINESTRING (16.3385834 48.2265382, 16.3361053 48.2273665)",296.6,,height 1,"{(33344824, 33345297, 0): 89.409, (33345289, 33345310, 0): 178.916, (33345289, 394989, 0): 102.235, (33345297, 251523470, 0): 91.077, (1850015446, 33345289, 0): 78.467}",33
33345297,251523470,0,195532853,,Teschnergasse,residential,30,True,104.646,"LINESTRING (16.3385834 48.2265382, 16.3387729 48.2270716, 16.338885 48.2273872, 16.3389044 48.2274417, 16.3389088 48.227454)",13.3,,height 2,"{(33344824, 33345297, 0): 179.514, (33345297, 33345289, 0): 91.077, (251523470, 33345291, 0): 83.201, (251523470, 33345293, 0): 94.357}",13
33345298,33345285,0,227970781,,Mitterberggasse,residential,30,True,75.801,"LINESTRING (16.3365119 48.2257525, 16.3370332 48.2263391)",30.6,,height 2,"{(33345285, 33344825, 0): 108.743, (33345285, 394989, 0): 70.652, (33345298, 33345287, 0): 107.638, (33345299, 33345298, 0): 73.065, (33345303, 33345298, 0): 179.173}",2
33345298,33345287,0,471276328,,Schopenhauerstraße,residential,30,True,95.15,"LINESTRING (16.3365119 48.2257525, 16.3354438 48.2262278)",303.7,,height 1,"{(394989, 33345287, 0): 84.31700000000001, (33345287, 33345286, 0): 97.866, (33345298, 33345285, 0): 107.638, (33345299, 33345298, 0): 179.297, (33345303, 33345298, 0): 71.535}",18
33345299,33345298,0,471276328,,Schopenhauerstraße,residential,30,True,60.548,"LINESTRING (16.3371846 48.2254432, 16.3365119 48.2257525)",304.6,,height 1,"{(33344825, 33345299, 0): 107.97, (33345298, 33345285, 0): 73.065, (33345298, 33345287, 0): 179.297, (33345300, 33345299, 0): 179.504, (33345303, 33345298, 0): 107.762}",18
33345300,33345299,0,471276328,,Schopenhauerstraße,residential,30,True,48.322,"LINESTRING (16.3377254 48.2252002, 16.3371846 48.2254432)",304.0,,height 1,"{(33344825, 33345299, 0): 71.534, (33345299, 33345298, 0): 179.504, (33345300, 33344824, 0): 109.197, (33345301, 33345300, 0): 179.623, (33345304, 33345300, 0): 70.84400000000001}",18
33345300,33344824,0,471276329,,Teschnergasse,residential,30,True,80.648,"LINESTRING (16.3377254 48.2252002, 16.3383056 48.2258139)",32.2,,height 2,"{(33344824, 33345297, 0): 176.483, (33344825, 33344824, 0): 68.469, (33345300, 33345299, 0): 109.197, (33345301, 33345300, 0): 71.18, (33345304, 33345300, 0): 179.959}",13
33345301,33345300,0,28989536,,Schopenhauerstraße,residential,30,True,77.477,"LINESTRING (16.3385877 48.2248059, 16.3377254 48.2252002)",304.5,,height 1,"{(33144555, 33345301, 0): 177.803, (33345300, 33345299, 0): 179.623, (33345300, 33344824, 0): 71.18, (33345301, 33144577, 0): 71.322, (33345304, 33345300, 0): 108.779}",18
33345301,33144577,0,250014287,,Leitermayergasse,residential,30,True,72.425,"LINESTRING (16.3385877 48.2248059, 16.3380685 48.224254)",212.1,,height 2,"{(33144555, 33345301, 0): 110.875, (33144577, 33144572, 0): 73.763, (33144577, 33143995, 0): 179.097, (33345301, 33345300, 0): 71.322, (33345304, 33144577, 0): 105.47}",19
33345303,33345304,0,38665945,,Staudgasse,residential,30,True,108.505,"LINESTRING (16.3360885 48.2252897, 16.3372428 48.224689)",128.0,,height 1,"{(29048468, 33345304, 0): 73.743, (33144069, 33345303, 0): 104.516, (33345286, 33345303, 0): 178.393, (33345303, 33345298, 0): 75.039, (33345304, 33144577, 0): 179.712, (33345304, 33345300, 0): 105.859}",16
33345303,33345298,0,227970781,,Mitterberggasse,residential,30,True,60.266,"LINESTRING (16.3360885 48.2252897, 16.3365119 48.2257525)",31.4,,height 2,"{(33144069, 33345303, 0): 179.555, (33345286, 33345303, 0): 106.568, (33345298, 33345285, 0): 179.173, (33345298, 33345287, 0): 71.535, (33345299, 33345298, 0): 107.762, (33345303, 33345304, 0): 75.039}",2
33345304,33144577,0,195532851,,Staudgasse,residential,30,True,77.982,"LINESTRING (16.3372428 48.224689, 16.3380685 48.224254)",128.3,,height 1,"{(29048468, 33345304, 0): 105.969, (33144577, 33144572, 0): 179.233, (33144577, 33143995, 0): 73.627, (33345301, 33144577, 0): 105.47, (33345303, 33345304, 0): 179.712, (33345304, 33345300, 0): 74.429}",16
33345304,33345300,0,471276329,,Teschnergasse,residential,30,True,67.151,"LINESTRING (16.3372428 48.224689, 16.3377254 48.2252002)",32.2,,height 2,"{(29048468, 33345304, 0): 179.602, (33345300, 33345299, 0): 70.84400000000001, (33345300, 33344824, 0): 179.959, (33345301, 33345300, 0): 108.779, (33345303, 33345304, 0): 105.859, (33345304, 33144577, 0): 74.429}",13
33345310,33345311,0,8892751,1,Klostergasse,residential,30,True,59.408,"LINESTRING (16.3349334 48.227783, 16.3347937 48.2272569)",190.0,,height 2,"{(33345289, 33345310, 0): 85.30499999999999, (33345311, 394989, 0): 97.41900000000001, (33345320, 33345311, 0): 92.03399999999999, (64975949, 33345310, 0): 178.604}",34
33345311,394989,0,442915201,,Schulgasse,residential,30,True,87.179,"LINESTRING (16.3347937 48.2272569, 16.3357263 48.2268746, 16.335796 48.226846)",121.6,,height 1,"{(394989, 33345287, 0): 82.646, (33345285, 394989, 0): 179.978, (33345289, 394989, 0): 98.437, (33345310, 33345311, 0): 97.41900000000001, (33345320, 33345311, 0): 170.547}",32
33345319,33345320,0,829951739,,Lacknergasse,residential,30,True,92.432,"LINESTRING (16.3331633 48.2267511, 16.333629 48.2275223)",21.9,,height 2,"{(29048470, 33345319, 0): 178.935, (33345320, 33345311, 0): 108.289, (33345320, 29048460, 0): 178.39499999999998, (64975551, 33345319, 0): 104.60499999999999}",10
33345320,33345311,0,442973214,,Schulgasse,residential,30,True,91.183,"LINESTRING (16.333629 48.2275223, 16.3347937 48.2272569)",108.9,,height 1,"{(33345310, 33345311, 0): 92.03399999999999, (33345311, 394989, 0): 170.547, (33345319, 33345320, 0): 108.289, (33345320, 29048460, 0): 73.316}",32
33345320,29048460,0,829951739,,Lacknergasse,residential,30,True,110.714,"LINESTRING (16.333629 48.2275223, 16.3341242 48.2283968, 16.3341325 48.2284115, 16.3341565 48.2284539)",20.7,,height 2,"{(29048460, 393375, 0): 113.197, (33345319, 33345320, 0): 178.39499999999998, (33345320, 33345311, 0): 73.316, (64975131, 29048460, 0): 67.726}",10
33345332,378728,0,337654522,3,Währinger Gürtel,primary,50,True,71.392,"LINESTRING (16.3488929 48.2230945, 16.3492619 48.2234122, 16.34944 48.2236212)",34.7,B221,height 2,"{(378728, 1629378075, 0): 154.034, (33144414, 33345332, 0): 178.934}",0
50655844,33144747,0,4996517,,Rokitanskygasse,residential,30,True,110.51,"LINESTRING (16.3306833 48.2245889, 16.3301183 48.2236691)",202.3,,height 2,"{(33144463, 50655844, 0): 95.556, (33144747, 33144759, 0): 179.274, (33144747, 26405248, 0): 81.82300000000001, (33144750, 33144747, 0): 98.541, (50655844, 50655845, 0): 85.20400000000001, (64970487, 50655844, 0): 179.67}",26
50655844,50655845,0,27541033,,Schumanngasse,residential,30,True,80.743,"LINESTRING (16.3306833 48.2245889, 16.3298143 48.2250272)",307.1,,height 1,"{(33144463, 50655844, 0): 179.24, (50655844, 33144747, 0): 85.20400000000001, (50655845, 33144750, 0): 99.77199999999999, (64970487, 50655844, 0): 94.46600000000001, (64971266, 50655845, 0): 77.469}",4
50655845,33144750,0,4996486,,Rosensteingasse,residential,30,True,116.05700000000002,"LINESTRING (16.3298143 48.2250272, 16.3297651 48.2249608, 16.3297188 48.2248907, 16.3294425 48.224501, 16.3291359 48.2240865)",205.7,,height 2,"{(33144750, 33144747, 0): 76.53, (33144750, 33144659, 0): 167.96, (50655844, 50655845, 0): 99.77199999999999, (64971266, 50655845, 0): 177.241}",0
60631071,401838,0,30764140,,Schulgasse,residential,30,True,139.161,"LINESTRING (16.3401854 48.2252581, 16.3419567 48.2251368, 16.3420541 48.2251301)",95.9,,height 1,"{(33143834, 401838, 0): 86.008, (33144555, 60631071, 0): 101.326, (33344810, 401838, 0): 179.443, (33344817, 401838, 0): 93.782, (60631071, 33345294, 0): 85.515}",3
60631071,33345294,0,445235065,,Abt-Karl-Gasse,residential,30,True,106.03,"LINESTRING (16.3401854 48.2252581, 16.3401945 48.2253197, 16.340325 48.2262071)",5.6,,height 2,"{(33144555, 60631071, 0): 173.159, (33345294, 33345293, 0): 164.95600000000002, (60631071, 401838, 0): 85.515}",22
64969715,29048470,0,"[141251802, 141233621]",,Kreuzgasse,tertiary,50,True,75.649,"LINESTRING (16.3316802 48.2261538, 16.3318772 48.2260974, 16.332417 48.2259476, 16.3325431 48.2259115, 16.3325806 48.2259008, 16.3326189 48.2258864)",113.2,,height 1,"{(29048470, 29048469, 0): 179.37800000000001, (29048470, 33345319, 0): 101.58, (64969715, 29048472, 0): 179.42000000000002, (64970487, 64969715, 0): 108.463, (64970627, 29048470, 0): 79.022}",15
64969715,29048472,0,148687065,2,Kreuzgasse,tertiary,50,True,70.809,"LINESTRING (16.3316802 48.2261538, 16.3312179 48.2262811, 16.3308796 48.2263942, 16.3308107 48.2264173)",294.5,,height 1,"{(29048472, 64971266, 0): 104.759, (64969715, 29048470, 0): 179.42000000000002, (64970487, 64969715, 0): 70.957, (64975551, 29048472, 0): 75.679}",15
64970487,50655844,0,4996517,,Rokitanskygasse,residential,30,True,89.812,"LINESTRING (16.3311374 48.2253378, 16.3306833 48.2245889)",202.0,,height 2,"{(33144463, 50655844, 0): 84.774, (50655844, 33144747, 0): 179.67, (50655844, 50655845, 0): 94.46600000000001, (64970487, 64969715, 0): 177.865, (64970487, 64970627, 0): 104.83, (64971266, 64970487, 0): 84.229}",26
64970487,64969715,0,"[138645040, 219443538, 8892326]",,Sommarugagasse,residential,30,True,99.248,"LINESTRING (16.3311374 48.2253378, 16.3311428 48.225346, 16.3311677 48.2253843, 16.3312242 48.2254708, 16.3312295 48.225479, 16.3313148 48.2256072, 16.3315833 48.2260109, 16.3316129 48.2260553, 16.3316401 48.2260952, 16.3316507 48.2261107, 16.3316706 48.2261398, 16.3316802 48.2261538)",23.9,,height 2,"{(64969715, 29048470, 0): 108.463, (64969715, 29048472, 0): 70.957, (64970487, 50655844, 0): 177.865, (64970487, 64970627, 0): 73.035, (64971266, 64970487, 0): 97.906}",26
64970487,64970627,0,148687058,,Antonigasse,residential,30,True,78.554,"LINESTRING (16.3311374 48.2253378, 16.3312434 48.2253066, 16.3321398 48.2251083)",109.0,,height 1,"{(33144463, 64970627, 0): 69.12, (64970487, 50655844, 0): 104.83, (64970487, 64969715, 0): 73.035, (64970627, 64972028, 0): 165.44799999999998, (64970627, 29048470, 0): 109.151, (64971266, 64970487, 0): 170.941}",12
64970627,64972028,0,148687058,,Antonigasse,residential,30,True,81.703,"LINESTRING (16.3321398 48.2251083, 16.3330155 48.2246616)",127.4,,height 1,"{(29048469, 64972028, 0): 98.433, (33144463, 64970627, 0): 96.328, (64970487, 64970627, 0): 165.44799999999998, (64970627, 29048470, 0): 85.401, (64972028, 33144491, 0): 179.082}",12
64970627,29048470,0,24939639,,Lacknergasse,residential,30,True,93.517,"LINESTRING (16.3321398 48.2251083, 16.3325873 48.225835, 16.3326189 48.2258864)",22.3,,height 2,"{(29048470, 29048469, 0): 101.6, (29048470, 33345319, 0): 179.398, (33144463, 64970627, 0): 178.27100000000002, (64969715, 29048470, 0): 79.022, (64970487, 64970627, 0): 109.151, (64970627, 64972028, 0): 85.401}",10
64971266,50655845,0,148687069,,Rosensteingasse,residential,30,True,85.577,"LINESTRING (16.330349 48.2257094, 16.3298517 48.2250729, 16.3298143 48.2250272)",207.6,,height 2,"{(29048472, 64971266, 0): 175.077, (50655844, 50655845, 0): 77.469, (50655845, 33144750, 0): 177.241, (64971266, 64970487, 0): 102.484}",0
64971266,64970487,0,"[219443849, 183541780, 219443540]",,Antonigasse,residential,30,True,71.543,"LINESTRING (16.330349 48.2257094, 16.3304571 48.2256578, 16.3308421 48.2254784, 16.3311374 48.2253378)",125.3,,height 1,"{(29048472, 64971266, 0): 82.439, (64970487, 50655844, 0): 84.229, (64970487, 64969715, 0): 97.906, (64970487, 64970627, 0): 170.941, (64971266, 50655845, 0): 102.484}",12
64972028,33144491,0,183541781,,Antonigasse,residential,30,True,74.66999999999999,"LINESTRING (16.3330155 48.2246616, 16.3334638 48.2244419, 16.3338278 48.224264)",126.3,,height 1,"{(29048469, 64972028, 0): 80.649, (33144491, 33144487, 0): 179.976, (64970627, 64972028, 0): 179.082, (283324413, 33144491, 0): 105.757, (292365649, 33144491, 0): 74.649}",12
64975131,29048460,0,551140400,2,Währinger Straße,secondary,30,True,79.733,"LINESTRING (16.3330993 48.2285887, 16.3340746 48.2284643, 16.3341565 48.2284539)",100.8,,height 1,"{(29048460, 393375, 0): 179.077, (33345320, 29048460, 0): 67.726, (64975746, 64975131, 0): 178.28900000000002}",0
64975551,33345319,0,5010782,,Staudgasse,residential,30,True,147.432,"LINESTRING (16.3313451 48.2272904, 16.3331633 48.2267511)",114.0,,height 1,"{(29048470, 33345319, 0): 74.33, (33345319, 33345320, 0): 104.60499999999999, (64975551, 29048472, 0): 105.173, (64975746, 64975551, 0): 75.229}",35
64975551,29048472,0,9221800,,Paulinengasse,residential,30,True,104.84900000000002,"LINESTRING (16.3313451 48.2272904, 16.3310255 48.2267728, 16.330864 48.2264999, 16.3308169 48.2264269, 16.3308107 48.2264173)",202.2,,height 2,"{(29048472, 64971266, 0): 179.562, (64969715, 29048472, 0): 75.679, (64975551, 33345319, 0): 105.173, (64975746, 64975551, 0): 179.59799999999998}",0
64975746,64975551,0,9221800,,Paulinengasse,residential,30,True,173.964,"LINESTRING (16.3322871 48.2287235, 16.3313778 48.2273442, 16.3313451 48.2272904)",203.6,,height 2,"{(64975551, 33345319, 0): 75.229, (64975551, 29048472, 0): 179.59799999999998, (64975746, 64975131, 0): 112.738}",0
64975746,64975131,0,551140400,2,Währinger Straße,secondary,30,True,62.01299999999999,"LINESTRING (16.3322871 48.2287235, 16.3325119 48.2286812, 16.3330183 48.2286015, 16.3330993 48.2285887)",104.0,,height 1,"{(64975131, 29048460, 0): 178.28900000000002, (64975746, 64975551, 0): 112.738}",0
64975949,33345310,0,8892751,1,Klostergasse,residential,30,True,61.042,"LINESTRING (16.3350633 48.2283251, 16.3349334 48.227783)",189.1,,height 2,"{(393375, 64975949, 0): 87.79, (33345289, 33345310, 0): 96.09100000000001, (33345310, 33345311, 0): 178.604, (64975949, 5322689627, 0): 92.19999999999999}",34
64975949,5322689627,0,24939395,1,Währinger Straße,secondary,30,True,18.273,"LINESTRING (16.3350633 48.2283251, 16.3351571 48.2283064, 16.3353047 48.228294)",100.9,,height 1,"{(393375, 64975949, 0): 179.98999999999998, (64975949, 33345310, 0): 92.19999999999999, (5322689627, 3337813458, 0): 172.977}",0
162796578,33144648,0,11384861,,Hormayrgasse,residential,50,True,131.496,"LINESTRING (16.33235 48.2225836, 16.3323322 48.2225573, 16.332316 48.2225223, 16.3322825 48.2224527, 16.332211 48.2223124, 16.3320708 48.222027, 16.3318174 48.2215139, 16.3317914 48.2214613)",198.3,,height 2,"{(33144644, 33144648, 0): 81.606, (33144648, 33144601, 0): 179.958, (33144648, 33144652, 0): 97.657, (33144997, 162796578, 0): 82.54299999999999, (162796578, 392224, 0): 100.284, (292365649, 162796578, 0): 176.561}",6
162796578,392224,0,24939638,,Leopold-Ernst-Gasse,residential,30,True,86.048,"LINESTRING (16.33235 48.2225836, 16.332367 48.2225761, 16.3333166 48.2221545)",123.7,,height 1,"{(392224, 33144947, 0): 178.746, (392224, 393924, 0): 97.83, (33144644, 392224, 0): 82.123, (33144997, 162796578, 0): 177.173, (162796578, 33144648, 0): 100.284, (292365649, 162796578, 0): 76.277}",1
213287623,378727,0,378265326,5,Währinger Gürtel,primary,50,True,53.163,"LINESTRING (16.3496917 48.2245954, 16.3496943 48.2246066, 16.3497683 48.2249252, 16.3497759 48.2249578, 16.3498014 48.2250679)",8.8,B221,height 2,"{(1371563077, 378727, 0): 84.285, (1629378075, 213287623, 0): 179.97700000000003}",0
245498398,33144583,0,23711937,,Leo-Slezak-Gasse,residential,30,True,29.015,"LINESTRING (16.3393624 48.2190394, 16.3397278 48.2189455)",111.1,,height 1,"{(33144583, 33143898, 0): 176.452, (33144588, 245498398, 0): 179.826, (33144629, 33144583, 0): 96.31099999999999, (245498401, 245498398, 0): 79.316}",0
245498401,33144626,0,53555533,,Blumengasse,residential,30,True,95.981,"LINESTRING (16.339645 48.2196601, 16.3384073 48.2199151)",287.2,,height 1,"{(33144422, 33144626, 0): 69.333, (33144626, 33144588, 0): 113.374, (33144626, 264055539, 0): 179.946, (33144629, 245498401, 0): 179.353, (245498401, 245498398, 0): 78.71499999999999}",24
245498401,245498398,0,171978982,,Ranftlgasse,residential,30,True,72.13,"LINESTRING (16.339645 48.2196601, 16.3395695 48.2194816, 16.3393624 48.2190394)",196.9,,height 2,"{(33144588, 245498398, 0): 100.858, (33144629, 245498401, 0): 100.638, (245498398, 33144583, 0): 79.316, (245498401, 33144626, 0): 78.71499999999999}",36
251207329,394751,0,234046383,2,Währinger Straße,secondary,50,True,55.922,"LINESTRING (16.347338 48.2254393, 16.3480705 48.2253177)",104.0,,height 1,"{(394751, 392442, 0): 88.365, (33344253, 251207329, 0): 98.466, (251207329, 33344812, 0): 179.928, (1371563074, 394751, 0): 179.94299999999998}",0
251207329,33344812,0,234046383,2,Währinger Straße,secondary,50,True,105.502,"LINESTRING (16.347338 48.2254393, 16.3459567 48.2256704)",284.1,,height 1,"{(33344253, 251207329, 0): 81.60600000000001, (33344812, 33344811, 0): 95.246, (251207329, 394751, 0): 179.928, (2423479559, 33344812, 0): 179.941}",0
251523470,33345291,0,550487337,2,Währinger Straße,secondary,50,True,20.716,"LINESTRING (16.3389088 48.227454, 16.3386443 48.2275145)",289.0,,height 1,"{(33345297, 251523470, 0): 83.201, (251523470, 33345293, 0): 177.55800000000002, (1850015448, 33345291, 0): 178.764}",0
251523470,33345293,0,550487337,2,Währinger Straße,secondary,50,True,147.748,"LINESTRING (16.3389088 48.227454, 16.3390719 48.2274093, 16.3392588 48.2273449, 16.3392719 48.2273404, 16.33956 48.2272364, 16.3403962 48.2269363, 16.340538 48.2268869, 16.3406074 48.2268636, 16.3406794 48.226844)",117.3,,height 1,"{(33345293, 33344817, 0): 175.40699999999998, (33345294, 33345293, 0): 75.218, (33345297, 251523470, 0): 94.357, (251523470, 33345291, 0): 177.55800000000002}",0
264055538,264055539,0,53378164,,Bergsteiggasse,residential,30,True,64.681,"LINESTRING (16.336055 48.2197941, 16.336262 48.2203592)",13.7,,height 2,"{(33144591, 264055538, 0): 98.55199999999999, (33144626, 264055539, 0): 98.422, (264055538, 33144588, 0): 81.796, (264055539, 33144633, 0): 81.66300000000001, (264055539, 264055540, 0): 158.91}",9
264055538,33144588,0,227970769,,Beheimgasse,residential,30,True,153.521,"LINESTRING (16.336055 48.2197941, 16.3380305 48.2193773)",107.6,,height 1,"{(33144588, 245498398, 0): 177.68099999999998, (33144591, 264055538, 0): 179.65200000000002, (33144626, 33144588, 0): 113.102, (264055538, 264055539, 0): 81.796}",0
264055539,33144633,0,30190610,,Blumengasse,residential,30,True,104.328,"LINESTRING (16.336262 48.2203592, 16.3349181 48.2206395)",287.4,,height 1,"{(33144626, 264055539, 0): 179.915, (33144633, 33144637, 0): 179.239, (33144941, 33144633, 0): 62.745, (264055538, 264055539, 0): 81.66300000000001, (264055539, 264055540, 0): 119.42699999999999}",24
264055539,264055540,0,171978231,,Hildebrandgasse,residential,30,True,50.117,"LINESTRING (16.336262 48.2203592, 16.3366029 48.2207485)",30.3,,height 2,"{(33144626, 264055539, 0): 60.488, (33144941, 264055540, 0): 72.095, (264055538, 264055539, 0): 158.91, (264055539, 33144633, 0): 119.42699999999999, (264055540, 33143821, 0): 178.86700000000002}",9
264055540,33143821,0,5774545,,Hildebrandgasse,residential,30,True,88.059,"LINESTRING (16.3366029 48.2207485, 16.3371841 48.2214393)",29.3,,height 2,"{(33143821, 33143825, 0): 179.811, (33143821, 33144427, 0): 74.485, (33144422, 33143821, 0): 114.337, (33144941, 264055540, 0): 106.772, (264055539, 264055540, 0): 178.86700000000002}",9
283324403,29048465,0,"[24412287, 184637567]",3,Währinger Gürtel,primary,50,True,110.653,"LINESTRING (16.3436212 48.2219556, 16.3435773 48.2219225, 16.343526 48.2218585, 16.3434955 48.2218032, 16.3434288 48.2216728, 16.3432345 48.2212031, 16.3431569 48.2210156)",198.2,B221,height 2,"{(655012, 283324403, 0): 169.155, (29048465, 33144366, 0): 179.999, (29048466, 29048465, 0): 103.87700000000001, (358517297, 283324403, 0): 70.967}",8
283324405,33144494,0,320178938,,Theresiengasse,residential,30,True,108.827,"LINESTRING (16.3426438 48.2221284, 16.3429429 48.2230866)",11.7,,height 2,"{(29048466, 283324405, 0): 179.30200000000002, (33143829, 33144494, 0): 75.788, (33144494, 33144497, 0): 103.951, (33144494, 33144503, 0): 179.041, (283324405, 392301, 0): 98.841, (358517297, 283324405, 0): 81.142}",11
283324405,392301,0,32065549,,Kreuzgasse,tertiary,50,True,76.118,"LINESTRING (16.3426438 48.2221284, 16.3421236 48.2222061, 16.3417948 48.2222561, 16.3417257 48.2222694, 16.3416439 48.2222852)",283.2,,height 1,"{(29048466, 283324405, 0): 80.461, (33143829, 392301, 0): 71.746, (33144467, 392301, 0): 114.392, (283324405, 33144494, 0): 98.841, (283324407, 392301, 0): 178.905, (358517297, 283324405, 0): 179.983}",15
283324407,25280482,0,32065549,,Kreuzgasse,tertiary,50,True,114.587,"LINESTRING (16.3400219 48.222715, 16.3393236 48.222905, 16.3391524 48.2229531, 16.3389935 48.2230028, 16.3388109 48.2230651, 16.3386652 48.223118, 16.3386125 48.2231372)",294.2,,height 1,"{(25280482, 33144572, 0): 70.999, (33143825, 25280482, 0): 110.043, (33143995, 25280482, 0): 178.409, (33144560, 283324407, 0): 108.571, (283324407, 392301, 0): 179.762, (283324407, 33144475, 0): 71.277}",15
283324407,392301,0,32065549,,Kreuzgasse,tertiary,50,True,129.33700000000002,"LINESTRING (16.3400219 48.222715, 16.3408275 48.2224994, 16.3413525 48.2223584, 16.3415458 48.2223061, 16.3416439 48.2222852)",111.7,,height 1,"{(33143829, 392301, 0): 107.159, (33144467, 392301, 0): 66.703, (33144560, 283324407, 0): 71.191, (283324405, 392301, 0): 178.905, (283324407, 25280482, 0): 179.762, (283324407, 33144475, 0): 108.961}",15
283324407,33144475,0,53378191,,Eduardgasse,residential,30,True,118.50699999999999,"LINESTRING (16.3400219 48.222715, 16.3400149 48.2227046, 16.3393645 48.2217434)",204.3,,height 2,"{(33143825, 33144475, 0): 108.083, (33144475, 33144471, 0): 71.39399999999999, (33144560, 283324407, 0): 179.84799999999998, (283324407, 25280482, 0): 71.277, (283324407, 392301, 0): 108.961}",23
283324413,33144491,0,11384853,2,Vinzenzgasse,residential,50,True,93.412,"LINESTRING (16.3344762 48.2249845, 16.3344221 48.2249246, 16.3341042 48.2245731, 16.3338278 48.224264)",210.9,,height 2,"{(33144491, 33144487, 0): 74.267, (33345286, 283324413, 0): 179.144, (64972028, 33144491, 0): 105.757, (283324413, 29048469, 0): 73.429, (283324413, 33144069, 0): 105.979, (292365649, 33144491, 0): 179.594}",6
283324413,29048469,0,"[141233621, 150120134]",2,Kreuzgasse,tertiary,50,True,83.941,"LINESTRING (16.3344762 48.2249845, 16.334388 48.2250266, 16.3343633 48.2250386, 16.3335652 48.2254334)",306.5,,height 1,"{(29048469, 64972028, 0): 99.083, (29048470, 29048469, 0): 179.692, (33345286, 283324413, 0): 105.715, (283324413, 33144491, 0): 73.429, (283324413, 33144069, 0): 179.408}",15
283324413,33144069,0,"[32065549, 232374367]",2,Kreuzgasse,tertiary,50,True,85.333,"LINESTRING (16.3344762 48.2249845, 16.3345417 48.2249524, 16.3346509 48.2248988, 16.3354038 48.2245295)",126.4,,height 1,"{(33144069, 33345303, 0): 105.89099999999999, (33144069, 29048468, 0): 179.95299999999997, (33144487, 33144069, 0): 74.979, (33345286, 283324413, 0): 74.877, (283324413, 33144491, 0): 105.979, (283324413, 29048469, 0): 179.408}",15
292365649,33144491,0,11384861,,Hormayrgasse,residential,50,True,108.295,"LINESTRING (16.3330875 48.2234242, 16.3338278 48.224264)",30.4,,height 2,"{(393924, 292365649, 0): 74.545, (33144491, 33144487, 0): 105.327, (64972028, 33144491, 0): 74.649, (283324413, 33144491, 0): 179.594, (292365649, 33144463, 0): 105.63499999999999, (292365649, 162796578, 0): 179.97199999999998}",6
292365649,33144463,0,27541033,,Schumanngasse,residential,30,True,142.747,"LINESTRING (16.3330875 48.2234242, 16.331527 48.2241773)",305.9,,height 1,"{(393924, 292365649, 0): 179.82, (26405248, 33144463, 0): 96.773, (33144463, 64970627, 0): 82.408, (33144463, 50655844, 0): 179.757, (292365649, 33144491, 0): 105.63499999999999, (292365649, 162796578, 0): 74.337}",4
292365649,162796578,0,11384861,,Hormayrgasse,residential,50,True,108.27799999999999,"LINESTRING (16.3330875 48.2234242, 16.3327199 48.2230076, 16.3325305 48.222794, 16.332435 48.2226868, 16.3323881 48.2226332, 16.33235 48.2225836)",210.3,,height 2,"{(393924, 292365649, 0): 105.483, (33144997, 162796578, 0): 100.896, (162796578, 33144648, 0): 176.561, (162796578, 392224, 0): 76.277, (292365649, 33144491, 0): 179.97199999999998, (292365649, 33144463, 0): 74.337}",6
320192043,33144637,0,171978226,,Dornerplatz,residential,30,True,95.71,"LINESTRING (16.3348182 48.2215171, 16.3341114 48.2207966)",213.2,,height 2,"{(33144633, 33144637, 0): 56.56999999999999, (33144640, 33144637, 0): 123.998, (33144947, 320192043, 0): 69.31899999999999, (320192043, 33144941, 0): 111.023}",37
320192043,33144941,0,171978229,,Leopold-Ernst-Gasse,residential,30,True,53.068,"LINESTRING (16.3348182 48.2215171, 16.3354187 48.2212569)",123.0,,height 1,"{(33144427, 33144941, 0): 105.851, (33144941, 33144633, 0): 74.39099999999999, (33144941, 264055540, 0): 179.631, (33144947, 320192043, 0): 179.658, (320192043, 33144637, 0): 111.023}",1
358517297,283324405,0,32065549,,Kreuzgasse,tertiary,50,True,65.827,"LINESTRING (16.3435101 48.2219968, 16.3434385 48.222008, 16.3433933 48.222015, 16.3431456 48.2220536, 16.3426438 48.2221284)",282.8,,height 1,"{(29048466, 283324405, 0): 99.55600000000001, (33144497, 358517297, 0): 117.723, (283324405, 33144494, 0): 81.142, (283324405, 392301, 0): 179.983, (358517297, 283324403, 0): 177.94}",15
358517297,283324403,0,172040988,,Kreuzgasse,tertiary,50,True,9.609,"LINESTRING (16.3435101 48.2219968, 16.3435592 48.2219873, 16.343601 48.2219692, 16.3436212 48.2219556)",119.1,,height 1,"{(655012, 283324403, 0): 119.878, (33144497, 358517297, 0): 64.337, (283324403, 29048465, 0): 70.967, (358517297, 283324405, 0): 177.94}",15
1371563074,394751,0,149996814,1,Währinger Straße,tertiary,50,True,58.249,"LINESTRING (16.3488332 48.2251903, 16.3480705 48.2253177)",284.1,,height 1,"{(394751, 392442, 0): 91.578, (251207329, 394751, 0): 179.94299999999998, (1371563077, 1371563074, 0): 177.099}",0
1371563077,378727,0,"[30696164, 813588390, 147695849, 59018224, 425297948]",4,Fuchsthallergasse,secondary,50,True,54.864999999999995,"LINESTRING (16.3490743 48.2251617, 16.349148 48.2251509, 16.3491889 48.2251459, 16.349248 48.2251393, 16.3492843 48.2251346, 16.3495868 48.2250955, 16.3496259 48.2250905, 16.3496886 48.2250824, 16.3498014 48.2250679)",101.0,,height 1,"{(213287623, 378727, 0): 84.285, (1371563077, 1371563074, 0): 178.579, (1371563077, 655018, 0): 94.192}",0
1371563077,1371563074,0,147695851,,Währinger Straße,tertiary,50,True,18.141,"LINESTRING (16.3490743 48.2251617, 16.3489597 48.2251756, 16.3489395 48.225178, 16.3488852 48.2251843, 16.3488332 48.2251903)",280.1,,height 1,"{(1371563074, 394751, 0): 177.099, (1371563077, 378727, 0): 178.579, (1371563077, 655018, 0): 84.387}",0
1371563077,655018,0,384796926,4,Währinger Gürtel,primary,50,True,62.39099999999999,"LINESTRING (16.3490743 48.2251617, 16.3490547 48.2250735, 16.3490521 48.225062, 16.349047 48.2250401, 16.3490275 48.224957, 16.3489856 48.224757, 16.3489752 48.2247168, 16.3489668 48.2246787, 16.3489559 48.2246299, 16.3489507 48.2246067)",188.4,B221,height 2,"{(392442, 655018, 0): 97.023, (655018, 33344802, 0): 179.90500000000003, (655018, 1629378075, 0): 83.033, (1371563077, 378727, 0): 94.192, (1371563077, 1371563074, 0): 84.387}",8
1629378075,213287623,0,385800228,4,Währinger Gürtel,primary,50,True,7.8420000000000005,"LINESTRING (16.3496756 48.2245257, 16.3496801 48.2245452, 16.3496867 48.2245739, 16.3496917 48.2245954)",8.7,B221,height 2,"{(378728, 1629378075, 0): 179.92200000000003, (655018, 1629378075, 0): 97.21600000000001, (213287623, 378727, 0): 179.97700000000003}",0
1850015446,33345289,0,327069938,,Vinzenzgasse,residential,30,True,78.567,"LINESTRING (16.3364564 48.2280317, 16.3364458 48.2279933, 16.3364202 48.2279116, 16.3361053 48.2273665)",199.4,,height 2,"{(33345289, 33345310, 0): 100.449, (33345289, 394989, 0): 179.298, (33345297, 33345289, 0): 78.467, (1850015446, 1850015448, 0): 91.07600000000001, (3337813458, 1850015446, 0): 90.559}",6
1850015446,1850015448,0,550487343,1,Währinger Straße,secondary,30,True,26.706999999999997,"LINESTRING (16.3364564 48.2280317, 16.3365154 48.2280166, 16.3366794 48.2279832, 16.3367997 48.2279586)",107.7,,height 1,"{(1850015446, 33345289, 0): 91.07600000000001, (1850015448, 33345291, 0): 173.886, (3337813458, 1850015446, 0): 178.365}",0
1850015448,33345291,0,550487337,2,Währinger Straße,secondary,50,True,145.57299999999998,"LINESTRING (16.3367997 48.2279586, 16.3372655 48.2278102, 16.3374496 48.2277629, 16.3376324 48.2277231, 16.3386443 48.2275145)",109.9,,height 1,"{(251523470, 33345291, 0): 178.764, (1850015446, 1850015448, 0): 173.886}",0
2423479559,33344812,0,"[36769101, 234046383]",2,Währinger Straße,secondary,50,True,144.39600000000002,"LINESTRING (16.3443157 48.2263246, 16.3443998 48.2263023, 16.3444687 48.2262835, 16.3445467 48.2262568, 16.3446212 48.2262304, 16.3447167 48.2261887, 16.3447748 48.2261631, 16.3447929 48.226154, 16.3448793 48.2261085, 16.3449502 48.2260656, 16.3449781 48.2260476, 16.3451272 48.2259554, 16.3452769 48.2258621, 16.3453543 48.2258154, 16.3454164 48.2257831, 16.3454545 48.2257664, 16.3455082 48.2257485, 16.3455604 48.2257375, 16.3456122 48.2257284, 16.3459567 48.2256704)",120.9,,height 1,"{(33344809, 2423479559, 0): 97.352, (33344812, 33344811, 0): 84.813, (251207329, 33344812, 0): 179.941, (2423479559, 33344816, 0): 178.095}",0
2423479559,33344816,0,508760485,2,Währinger Straße,secondary,50,True,59.417,"LINESTRING (16.3443157 48.2263246, 16.3437171 48.2264622, 16.3436328 48.2264804, 16.3435543 48.2264915)",288.2,,height 1,"{(33344809, 2423479559, 0): 80.743, (33344817, 33344816, 0): 177.23499999999999, (2423479559, 33344812, 0): 178.095}",0
3337813458,1850015446,0,550487343,1,Währinger Straße,secondary,30,True,13.348,"LINESTRING (16.3362963 48.2280864, 16.3363901 48.2280507, 16.3364564 48.2280317)",117.2,,height 1,"{(1850015446, 33345289, 0): 90.559, (1850015446, 1850015448, 0): 178.365, (5322689627, 3337813458, 0): 170.988}",0
3956260281,33143825,0,172398663,,Antonigasse,residential,30,True,107.384,"LINESTRING (16.336713 48.2228454, 16.337882 48.2222744)",126.2,,height 1,"{(33143821, 33143825, 0): 76.14699999999999, (33143825, 33144475, 0): 179.94400000000002, (33143825, 25280482, 0): 104.223, (33143995, 3956260281, 0): 72.805, (33144484, 3956260281, 0): 179.81900000000002, (3956260281, 33144427, 0): 103.38499999999999}",12
3956260281,33144427,0,26985884,,Leitermayergasse,residential,30,True,107.958,"LINESTRING (16.336713 48.2228454, 16.3365219 48.2226129, 16.3360195 48.2219915)",208.4,,height 2,"{(33143821, 33144427, 0): 77.001, (33143995, 3956260281, 0): 176.19, (33144427, 33144459, 0): 102.86099999999999, (33144427, 33144941, 0): 179.67700000000002, (33144484, 3956260281, 0): 76.79599999999999, (3956260281, 33143825, 0): 103.38499999999999}",19
5322689627,3337813458,0,550487344,2,Währinger Straße,secondary,30,True,76.994,"LINESTRING (16.3353047 48.228294, 16.3362963 48.2280864)",107.4,,height 1,"{(64975949, 5322689627, 0): 172.977, (3337813458, 1850015446, 0): 170.988}",0
